2/8/2022 12:07:28 PM,811,888,814,888,817,888,254,888,423,888,398,888,63,99999,54,888,CLOSE,OPEN,CLOSE,CLOSE
2/8/2022 12:07:33 PM,812,888,815,888,817,888,254,888,422,888,398,888,62,99999,55,888,CLOSE,OPEN,CLOSE,CLOSE
2/8/2022 12:07:38 PM,813,888,815,888,818,888,254,888,421,888,398,888,62,99999,55,888,CLOSE,OPEN,CLOSE,CLOSE
2/8/2022 12:07:43 PM,813,888,816,888,819,888,255,888,421,888,398,888,62,99999,55,888,CLOSE,OPEN,CLOSE,CLOSE
2/8/2022 12:07:48 PM,814,888,816,888,819,888,255,888,420,888,398,888,62,99999,55,888,CLOSE,OPEN,CLOSE,CLOSE
2/8/2022 12:07:53 PM,814,888,817,888,819,888,255,888,419,888,397,888,62,99999,55,888,CLOSE,OPEN,CLOSE,CLOSE
2/8/2022 12:07:58 PM,815,888,817,888,819,888,256,888,419,888,399,888,61,99999,55,888,CLOSE,OPEN,CLOSE,CLOSE
2/8/2022 12:08:03 PM,815,888,817,888,819,888,256,888,419,888,397,888,62,99999,55,888,CLOSE,OPEN,CLOSE,CLOSE
2/8/2022 12:08:08 PM,816,888,818,888,819,888,257,888,418,888,396,888,61,99999,55,888,CLOSE,OPEN,CLOSE,CLOSE
2/8/2022 12:08:13 PM,816,888,818,888,819,888,257,888,418,888,396,888,61,99999,55,888,CLOSE,OPEN,CLOSE,CLOSE
2/8/2022 12:08:18 PM,817,888,818,888,819,888,257,888,417,888,396,888,61,99999,54,888,CLOSE,OPEN,CLOSE,CLOSE
2/8/2022 12:08:23 PM,817,888,818,888,819,888,258,888,418,888,396,888,61,99999,55,888,CLOSE,OPEN,CLOSE,CLOSE
2/8/2022 12:08:28 PM,817,888,818,888,819,888,258,888,418,888,395,888,62,99999,55,888,CLOSE,OPEN,CLOSE,CLOSE
2/8/2022 12:08:33 PM,817,888,818,888,818,888,258,888,417,888,395,888,61,99999,55,888,CLOSE,OPEN,CLOSE,CLOSE
2/8/2022 12:08:38 PM,817,888,818,888,818,888,258,888,417,888,395,888,62,99999,55,888,CLOSE,OPEN,CLOSE,CLOSE
2/8/2022 12:08:43 PM,817,888,817,888,817,888,258,888,417,888,393,888,61,99999,55,888,CLOSE,OPEN,CLOSE,CLOSE
2/8/2022 12:08:48 PM,817,888,817,888,817,888,259,888,417,888,393,888,62,99999,54,888,CLOSE,OPEN,CLOSE,CLOSE
2/8/2022 12:08:53 PM,817,888,817,888,816,888,259,888,418,888,392,888,63,99999,55,888,CLOSE,OPEN,CLOSE,CLOSE
2/8/2022 12:08:58 PM,817,888,817,888,816,888,258,888,417,888,392,888,63,99999,55,888,CLOSE,OPEN,CLOSE,CLOSE
2/8/2022 12:45:54 PM,816,888,813,888,811,888,245,888,461,888,369,888,71,99999,56,888,CLOSE,OPEN,CLOSE,CLOSE
2/8/2022 12:45:59 PM,815,888,813,888,810,888,245,888,463,888,368,888,71,99999,57,888,CLOSE,OPEN,CLOSE,CLOSE
2/8/2022 12:46:04 PM,815,888,812,888,810,888,245,888,463,888,367,888,72,99999,57,888,CLOSE,OPEN,CLOSE,CLOSE
2/8/2022 12:47:01 PM,810,888,806,888,802,888,242,888,472,888,359,888,72,99999,57,888,CLOSE,OPEN,CLOSE,CLOSE
2/8/2022 12:47:04 PM,810,888,806,888,802,888,243,888,473,888,359,888,73,99999,57,888,CLOSE,OPEN,CLOSE,CLOSE
2/8/2022 12:47:09 PM,809,888,805,888,801,888,242,888,474,888,360,888,72,99999,58,888,CLOSE,OPEN,CLOSE,CLOSE
2/8/2022 12:47:14 PM,809,888,805,888,800,888,241,888,474,888,359,888,73,99999,57,888,CLOSE,OPEN,CLOSE,CLOSE
2/8/2022 12:47:19 PM,809,888,804,888,800,888,241,888,475,888,359,888,72,99999,57,888,CLOSE,OPEN,CLOSE,CLOSE
2/8/2022 12:47:24 PM,808,888,804,888,799,888,240,888,476,888,360,888,72,99999,57,888,CLOSE,OPEN,CLOSE,CLOSE
2/8/2022 12:47:29 PM,807,888,803,888,799,888,240,888,476,888,360,888,72,99999,57,888,CLOSE,OPEN,CLOSE,CLOSE
2/8/2022 12:47:34 PM,807,888,802,888,798,888,240,888,477,888,360,888,72,99999,57,888,CLOSE,OPEN,CLOSE,CLOSE
2/8/2022 12:47:39 PM,807,888,802,888,797,888,239,888,478,888,360,888,71,99999,57,888,CLOSE,OPEN,CLOSE,CLOSE
2/8/2022 12:47:44 PM,806,888,801,888,797,888,239,888,477,888,361,888,72,99999,57,888,CLOSE,OPEN,CLOSE,CLOSE
2/8/2022 12:49:07 PM,796,888,793,888,789,888,231,888,481,888,373,888,69,99999,57,888,CLOSE,OPEN,CLOSE,CLOSE
2/8/2022 12:49:09 PM,796,888,792,888,789,888,231,888,481,888,374,888,69,99999,56,888,CLOSE,OPEN,CLOSE,CLOSE
2/8/2022 12:49:14 PM,796,888,792,888,789,888,230,888,481,888,374,888,69,99999,57,888,CLOSE,OPEN,CLOSE,CLOSE
2/8/2022 12:49:19 PM,795,888,792,888,789,888,231,888,481,888,374,888,68,99999,57,888,CLOSE,OPEN,CLOSE,CLOSE
2/8/2022 12:49:24 PM,795,888,792,888,789,888,230,888,480,888,375,888,68,99999,57,888,CLOSE,OPEN,CLOSE,CLOSE
2/8/2022 12:49:29 PM,794,888,791,888,788,888,230,888,481,888,375,888,68,99999,56,888,CLOSE,OPEN,CLOSE,CLOSE
2/8/2022 12:49:34 PM,794,888,791,888,788,888,230,888,480,888,376,888,67,99999,57,888,CLOSE,OPEN,CLOSE,CLOSE
2/8/2022 12:50:13 PM,793,888,791,888,788,888,230,888,480,888,376,888,66,99999,57,888,CLOSE,OPEN,CLOSE,CLOSE
2/8/2022 12:50:14 PM,793,888,791,888,790,888,233,888,477,888,380,888,66,99999,57,888,CLOSE,OPEN,CLOSE,CLOSE
2/8/2022 12:50:19 PM,793,888,792,888,790,888,233,888,476,888,379,888,65,99999,57,888,CLOSE,OPEN,CLOSE,CLOSE
2/8/2022 12:50:24 PM,793,888,792,888,791,888,233,888,476,888,380,888,65,99999,57,888,CLOSE,OPEN,CLOSE,CLOSE
2/8/2022 12:50:29 PM,793,888,792,888,792,888,234,888,474,888,381,888,65,99999,57,888,CLOSE,OPEN,CLOSE,CLOSE
2/8/2022 12:50:34 PM,794,888,793,888,792,888,234,888,474,888,381,888,64,99999,57,888,CLOSE,OPEN,CLOSE,CLOSE
2/8/2022 12:50:39 PM,794,888,794,888,793,888,234,888,472,888,381,888,65,99999,57,888,CLOSE,OPEN,CLOSE,CLOSE
2/8/2022 12:50:45 PM,794,888,794,888,793,888,234,888,472,888,381,888,64,99999,56,888,CLOSE,OPEN,CLOSE,CLOSE
2/8/2022 12:50:49 PM,795,888,794,888,794,888,236,888,471,888,382,888,64,99999,56,888,CLOSE,OPEN,CLOSE,CLOSE
2/8/2022 12:50:54 PM,795,888,795,888,795,888,236,888,470,888,381,888,63,99999,57,888,CLOSE,OPEN,CLOSE,CLOSE
2/8/2022 12:50:59 PM,796,888,796,888,796,888,236,888,470,888,381,888,64,99999,56,888,CLOSE,OPEN,CLOSE,CLOSE
2/8/2022 12:51:04 PM,797,888,797,888,797,888,237,888,469,888,382,888,63,99999,57,888,CLOSE,OPEN,CLOSE,CLOSE
2/8/2022 12:51:09 PM,797,888,797,888,798,888,237,888,468,888,382,888,61,99999,56,888,CLOSE,OPEN,CLOSE,CLOSE
2/8/2022 12:51:14 PM,798,888,798,888,798,888,237,888,468,888,381,888,64,99999,56,888,CLOSE,OPEN,CLOSE,CLOSE
2/8/2022 12:51:19 PM,798,888,799,888,799,888,238,888,467,888,381,888,63,99999,56,888,CLOSE,OPEN,CLOSE,CLOSE
2/8/2022 12:51:24 PM,799,888,800,888,800,888,238,888,467,888,381,888,63,99999,57,888,CLOSE,OPEN,CLOSE,CLOSE
2/8/2022 12:51:29 PM,800,888,800,888,801,888,239,888,466,888,381,888,63,99999,57,888,CLOSE,OPEN,CLOSE,CLOSE
2/8/2022 12:51:34 PM,801,888,801,888,802,888,239,888,466,888,381,888,62,99999,56,888,CLOSE,OPEN,CLOSE,CLOSE
2/8/2022 12:51:39 PM,802,888,802,888,802,888,240,888,465,888,380,888,63,99999,56,888,CLOSE,OPEN,CLOSE,CLOSE
2/8/2022 12:51:44 PM,802,888,803,888,803,888,239,888,465,888,380,888,62,99999,56,888,CLOSE,OPEN,CLOSE,CLOSE
2/8/2022 12:51:49 PM,804,888,804,888,803,888,240,888,465,888,380,888,63,99999,56,888,CLOSE,OPEN,CLOSE,CLOSE
2/8/2022 12:51:54 PM,804,888,804,888,804,888,240,888,464,888,380,888,62,99999,56,888,CLOSE,OPEN,CLOSE,CLOSE
2/8/2022 12:51:59 PM,805,888,805,888,805,888,241,888,465,888,379,888,63,99999,56,888,CLOSE,OPEN,CLOSE,CLOSE
2/8/2022 12:52:04 PM,806,888,806,888,806,888,241,888,464,888,379,888,63,99999,56,888,CLOSE,OPEN,CLOSE,CLOSE
2/8/2022 12:52:09 PM,807,888,807,888,807,888,241,888,464,888,378,888,63,99999,56,888,CLOSE,OPEN,CLOSE,CLOSE
2/8/2022 12:52:14 PM,808,888,808,888,807,888,241,888,465,888,378,888,63,99999,56,888,CLOSE,OPEN,CLOSE,CLOSE
2/8/2022 12:52:19 PM,808,888,808,888,808,888,242,888,464,888,377,888,64,99999,56,888,CLOSE,OPEN,CLOSE,CLOSE
2/8/2022 12:52:24 PM,810,888,809,888,809,888,242,888,465,888,375,888,65,99999,56,888,CLOSE,OPEN,CLOSE,CLOSE
2/8/2022 12:52:29 PM,810,888,810,888,810,888,242,888,465,888,375,888,65,99999,57,888,CLOSE,OPEN,CLOSE,CLOSE
2/8/2022 12:52:34 PM,811,888,811,888,810,888,242,888,465,888,374,888,65,99999,57,888,CLOSE,OPEN,CLOSE,CLOSE
2/8/2022 12:52:39 PM,812,888,811,888,810,888,242,888,466,888,373,888,66,99999,57,888,CLOSE,OPEN,CLOSE,CLOSE
2/8/2022 12:52:44 PM,813,888,812,888,811,888,242,888,466,888,373,888,66,99999,57,888,CLOSE,OPEN,CLOSE,CLOSE
2/8/2022 12:52:49 PM,813,888,813,888,812,888,242,888,466,888,371,888,67,99999,56,888,CLOSE,OPEN,CLOSE,CLOSE
2/8/2022 12:52:54 PM,814,888,813,888,812,888,242,888,467,888,371,888,68,99999,56,888,CLOSE,OPEN,CLOSE,CLOSE
2/8/2022 12:52:59 PM,814,888,814,888,813,888,242,888,468,888,369,888,70,99999,57,888,CLOSE,OPEN,CLOSE,CLOSE
2/8/2022 12:53:04 PM,815,888,814,888,813,888,242,888,468,888,369,888,70,99999,57,888,CLOSE,OPEN,CLOSE,CLOSE
2/8/2022 12:53:09 PM,815,888,814,888,813,888,242,888,469,888,368,888,70,99999,57,888,CLOSE,OPEN,CLOSE,CLOSE
2/8/2022 12:53:14 PM,816,888,814,888,813,888,242,888,470,888,366,888,71,99999,57,888,CLOSE,OPEN,CLOSE,CLOSE
2/8/2022 12:53:19 PM,816,888,815,888,813,888,242,888,470,888,365,888,73,99999,57,888,CLOSE,OPEN,CLOSE,CLOSE
2/8/2022 12:53:24 PM,816,888,815,888,813,888,242,888,471,888,364,888,72,99999,57,888,CLOSE,OPEN,CLOSE,CLOSE
2/8/2022 12:53:29 PM,816,888,815,888,813,888,242,888,472,888,364,888,74,99999,57,888,CLOSE,OPEN,CLOSE,CLOSE
2/8/2022 12:53:34 PM,816,888,815,888,813,888,242,888,474,888,363,888,73,99999,57,888,CLOSE,OPEN,CLOSE,CLOSE
2/8/2022 12:54:17 PM,815,888,813,888,811,888,239,888,480,888,359,888,73,99999,57,888,CLOSE,OPEN,CLOSE,CLOSE
2/8/2022 12:54:22 PM,815,888,813,888,810,888,240,888,481,888,357,888,73,99999,57,888,CLOSE,OPEN,CLOSE,CLOSE
2/8/2022 12:54:27 PM,815,888,812,888,810,888,239,888,481,888,358,888,73,99999,58,888,CLOSE,OPEN,CLOSE,CLOSE
2/8/2022 12:54:32 PM,814,888,812,888,809,888,238,888,482,888,357,888,73,99999,58,888,CLOSE,OPEN,CLOSE,CLOSE
2/8/2022 12:54:37 PM,814,888,811,888,809,888,237,888,483,888,357,888,73,99999,57,888,CLOSE,OPEN,CLOSE,CLOSE
2/8/2022 12:54:53 PM,813,888,810,888,807,888,236,888,484,888,358,888,72,99999,57,888,CLOSE,OPEN,CLOSE,CLOSE
2/8/2022 12:54:58 PM,812,888,809,888,807,888,236,888,485,888,358,888,72,99999,57,888,CLOSE,OPEN,CLOSE,CLOSE
2/8/2022 12:55:03 PM,811,888,809,888,806,888,235,888,486,888,360,888,71,99999,58,888,CLOSE,OPEN,CLOSE,CLOSE
2/8/2022 12:55:08 PM,811,888,808,888,806,888,235,888,486,888,360,888,71,99999,58,888,CLOSE,OPEN,CLOSE,CLOSE
2/8/2022 12:55:13 PM,810,888,808,888,805,888,234,888,486,888,361,888,72,99999,57,888,CLOSE,OPEN,CLOSE,CLOSE
2/8/2022 12:55:18 PM,810,888,807,888,804,888,233,888,487,888,362,888,72,99999,57,888,CLOSE,OPEN,CLOSE,CLOSE
2/8/2022 12:55:23 PM,809,888,807,888,804,888,232,888,488,888,362,888,72,99999,57,888,CLOSE,OPEN,CLOSE,CLOSE
2/8/2022 12:55:28 PM,809,888,806,888,803,888,232,888,487,888,363,888,73,99999,58,888,CLOSE,OPEN,CLOSE,CLOSE
2/8/2022 12:55:33 PM,808,888,805,888,803,888,232,888,488,888,364,888,72,99999,58,888,CLOSE,OPEN,CLOSE,CLOSE
2/8/2022 12:55:38 PM,807,888,805,888,802,888,231,888,488,888,365,888,72,99999,58,888,CLOSE,OPEN,CLOSE,CLOSE
2/8/2022 12:55:43 PM,807,888,804,888,802,888,231,888,489,888,366,888,72,99999,57,888,CLOSE,OPEN,CLOSE,CLOSE
2/8/2022 1:07:01 PM,791,888,793,888,796,888,236,888,479,888,372,888,65,99999,57,888,CLOSE,OPEN,CLOSE,CLOSE
2/8/2022 1:07:06 PM,791,888,793,888,796,888,236,888,480,888,370,888,67,99999,57,888,CLOSE,OPEN,CLOSE,CLOSE
2/8/2022 1:07:11 PM,791,888,793,888,796,888,236,888,480,888,369,888,67,99999,57,888,CLOSE,OPEN,CLOSE,CLOSE
2/8/2022 1:07:16 PM,790,888,793,888,796,888,236,888,480,888,368,888,68,99999,57,888,CLOSE,OPEN,CLOSE,CLOSE
2/8/2022 1:07:21 PM,791,888,793,888,796,888,236,888,481,888,367,888,68,99999,57,888,CLOSE,OPEN,CLOSE,CLOSE
2/8/2022 1:07:26 PM,791,888,793,888,796,888,236,888,481,888,367,888,69,99999,57,888,CLOSE,OPEN,CLOSE,CLOSE
2/8/2022 1:07:31 PM,791,888,793,888,796,888,236,888,482,888,365,888,70,99999,57,888,CLOSE,OPEN,CLOSE,CLOSE
2/8/2022 1:07:36 PM,791,888,794,888,797,888,237,888,482,888,364,888,71,99999,57,888,CLOSE,OPEN,CLOSE,CLOSE
2/8/2022 1:07:41 PM,791,888,794,888,797,888,236,888,483,888,362,888,72,99999,57,888,CLOSE,OPEN,CLOSE,CLOSE
2/8/2022 1:07:46 PM,791,888,794,888,796,888,236,888,485,888,363,888,73,99999,57,888,CLOSE,OPEN,CLOSE,CLOSE
2/8/2022 1:07:51 PM,792,888,794,888,797,888,236,888,486,888,361,888,74,99999,58,888,CLOSE,OPEN,CLOSE,CLOSE
2/8/2022 1:07:56 PM,792,888,795,888,797,888,236,888,486,888,360,888,74,99999,58,888,CLOSE,OPEN,CLOSE,CLOSE
2/8/2022 1:08:01 PM,792,888,795,888,797,888,236,888,487,888,360,888,75,99999,58,888,CLOSE,OPEN,CLOSE,CLOSE
2/8/2022 1:08:06 PM,793,888,795,888,798,888,236,888,488,888,358,888,75,99999,58,888,CLOSE,OPEN,CLOSE,CLOSE
2/8/2022 1:08:11 PM,793,888,796,888,798,888,236,888,489,888,358,888,75,99999,58,888,CLOSE,OPEN,CLOSE,CLOSE
2/8/2022 1:08:16 PM,794,888,796,888,798,888,236,888,490,888,357,888,75,99999,58,888,CLOSE,OPEN,CLOSE,CLOSE
2/8/2022 1:08:21 PM,794,888,796,888,799,888,235,888,491,888,356,888,75,99999,58,888,CLOSE,OPEN,CLOSE,CLOSE
2/8/2022 1:08:26 PM,795,888,797,888,799,888,235,888,492,888,356,888,75,99999,57,888,CLOSE,OPEN,CLOSE,CLOSE
2/8/2022 1:08:31 PM,795,888,797,888,800,888,235,888,493,888,354,888,75,99999,58,888,CLOSE,OPEN,CLOSE,CLOSE
2/8/2022 1:08:36 PM,796,888,798,888,800,888,235,888,493,888,355,888,74,99999,58,888,CLOSE,OPEN,CLOSE,CLOSE
2/8/2022 1:08:41 PM,797,888,799,888,801,888,234,888,494,888,354,888,74,99999,58,888,CLOSE,OPEN,CLOSE,CLOSE
2/8/2022 1:08:46 PM,797,888,799,888,801,888,234,888,494,888,355,888,74,99999,58,888,CLOSE,OPEN,CLOSE,CLOSE
2/8/2022 1:08:51 PM,798,888,800,888,802,888,234,888,496,888,353,888,74,99999,58,888,CLOSE,OPEN,CLOSE,CLOSE
2/8/2022 1:08:56 PM,798,888,800,888,802,888,233,888,496,888,354,888,75,99999,58,888,CLOSE,OPEN,CLOSE,CLOSE
2/8/2022 1:09:01 PM,799,888,801,888,803,888,233,888,497,888,354,888,74,99999,58,888,CLOSE,OPEN,CLOSE,CLOSE
2/8/2022 1:09:06 PM,800,888,802,888,804,888,233,888,497,888,354,888,73,99999,58,888,CLOSE,OPEN,CLOSE,CLOSE
2/8/2022 1:09:11 PM,800,888,802,888,805,888,233,888,498,888,354,888,73,99999,59,888,CLOSE,OPEN,CLOSE,CLOSE
2/8/2022 1:09:35 PM,801,888,803,888,805,888,232,888,499,888,355,888,73,99999,58,888,CLOSE,OPEN,CLOSE,CLOSE
2/8/2022 1:09:38 PM,801,888,803,888,807,888,229,888,501,888,357,888,73,99999,58,888,CLOSE,OPEN,CLOSE,CLOSE
2/8/2022 1:09:41 PM,804,888,807,888,809,888,229,888,501,888,357,888,73,99999,58,888,CLOSE,OPEN,CLOSE,CLOSE
2/8/2022 1:09:46 PM,805,888,807,888,809,888,228,888,502,888,358,888,73,99999,58,888,CLOSE,OPEN,CLOSE,CLOSE
2/8/2022 1:09:51 PM,806,888,808,888,810,888,228,888,502,888,359,888,73,99999,58,888,CLOSE,OPEN,CLOSE,CLOSE
2/8/2022 1:09:56 PM,806,888,808,888,811,888,228,888,502,888,359,888,73,99999,58,888,CLOSE,OPEN,CLOSE,CLOSE
2/8/2022 1:10:25 PM,806,888,809,888,811,888,227,888,502,888,360,888,73,99999,58,888,CLOSE,OPEN,CLOSE,CLOSE
2/8/2022 1:10:26 PM,809,888,813,888,815,888,225,888,503,888,364,888,72,99999,58,888,CLOSE,OPEN,CLOSE,CLOSE
2/8/2022 1:10:31 PM,809,888,813,888,816,888,224,888,503,888,366,888,71,99999,59,888,CLOSE,OPEN,CLOSE,CLOSE
2/8/2022 1:10:36 PM,810,888,813,888,817,888,224,888,504,888,365,888,71,99999,58,888,CLOSE,OPEN,CLOSE,CLOSE
2/8/2022 1:10:41 PM,810,888,814,888,817,888,224,888,504,888,366,888,71,99999,58,888,CLOSE,OPEN,CLOSE,CLOSE
2/8/2022 1:10:46 PM,810,888,814,888,817,888,223,888,504,888,367,888,71,99999,58,888,CLOSE,OPEN,CLOSE,CLOSE
2/8/2022 1:10:51 PM,810,888,814,888,818,888,223,888,504,888,367,888,70,99999,58,888,CLOSE,OPEN,CLOSE,CLOSE
2/8/2022 1:10:56 PM,810,888,814,888,818,888,223,888,503,888,367,888,70,99999,58,888,CLOSE,OPEN,CLOSE,CLOSE
2/8/2022 1:11:01 PM,810,888,815,888,819,888,223,888,503,888,368,888,69,99999,58,888,CLOSE,OPEN,CLOSE,CLOSE
2/8/2022 1:11:06 PM,811,888,815,888,819,888,223,888,503,888,369,888,68,99999,58,888,CLOSE,OPEN,CLOSE,CLOSE
2/8/2022 1:11:11 PM,811,888,815,888,819,888,222,888,503,888,369,888,69,99999,58,888,CLOSE,OPEN,CLOSE,CLOSE
2/8/2022 1:11:16 PM,811,888,815,888,819,888,223,888,502,888,370,888,68,99999,58,888,CLOSE,OPEN,CLOSE,CLOSE
2/8/2022 1:11:21 PM,810,888,815,888,819,888,222,888,502,888,370,888,68,99999,58,888,CLOSE,OPEN,CLOSE,CLOSE
2/8/2022 1:11:26 PM,810,888,815,888,819,888,223,888,501,888,371,888,68,99999,58,888,CLOSE,OPEN,CLOSE,CLOSE
2/8/2022 1:11:31 PM,810,888,815,888,820,888,223,888,501,888,371,888,67,99999,58,888,CLOSE,OPEN,CLOSE,CLOSE
2/8/2022 1:11:36 PM,810,888,815,888,819,888,223,888,501,888,373,888,68,99999,58,888,CLOSE,OPEN,CLOSE,CLOSE
2/8/2022 1:13:29 PM,810,888,815,888,819,888,223,888,501,888,372,888,67,99999,58,888,CLOSE,OPEN,CLOSE,CLOSE
2/8/2022 1:13:33 PM,802,888,807,888,811,888,231,888,485,888,375,888,63,99999,57,888,CLOSE,OPEN,CLOSE,CLOSE
2/8/2022 1:13:36 PM,802,888,807,888,811,888,232,888,485,888,375,888,63,99999,57,888,CLOSE,OPEN,CLOSE,CLOSE
2/8/2022 1:13:41 PM,801,888,806,888,811,888,232,888,485,888,375,888,63,99999,57,888,CLOSE,OPEN,CLOSE,CLOSE
2/8/2022 1:13:46 PM,801,888,806,888,810,888,232,888,484,888,373,888,63,99999,57,888,CLOSE,OPEN,CLOSE,CLOSE
2/8/2022 1:13:51 PM,801,888,805,888,809,888,232,888,485,888,374,888,64,99999,57,888,CLOSE,OPEN,CLOSE,CLOSE
2/8/2022 1:13:56 PM,801,888,805,888,809,888,233,888,484,888,372,888,65,99999,57,888,CLOSE,OPEN,CLOSE,CLOSE
2/8/2022 1:14:04 PM,801,888,805,888,809,888,233,888,484,888,372,888,64,99999,57,888,CLOSE,OPEN,CLOSE,CLOSE
2/8/2022 1:14:06 PM,800,888,804,888,808,888,232,888,485,888,371,888,65,99999,57,888,CLOSE,OPEN,CLOSE,CLOSE
2/8/2022 1:14:11 PM,800,888,803,888,807,888,233,888,485,888,371,888,65,99999,57,888,CLOSE,OPEN,CLOSE,CLOSE
2/8/2022 1:14:16 PM,799,888,803,888,807,888,234,888,485,888,370,888,66,99999,57,888,CLOSE,OPEN,CLOSE,CLOSE
2/8/2022 1:14:21 PM,799,888,803,888,806,888,233,888,486,888,369,888,66,99999,57,888,CLOSE,OPEN,CLOSE,CLOSE
2/8/2022 1:14:26 PM,799,888,802,888,806,888,233,888,486,888,368,888,67,99999,57,888,CLOSE,OPEN,CLOSE,CLOSE
2/8/2022 1:14:31 PM,799,888,802,888,805,888,233,888,486,888,368,888,68,99999,57,888,CLOSE,OPEN,CLOSE,CLOSE
2/8/2022 1:14:36 PM,798,888,802,888,805,888,233,888,488,888,366,888,69,99999,57,888,CLOSE,OPEN,CLOSE,CLOSE
2/8/2022 1:14:41 PM,798,888,801,888,804,888,233,888,488,888,366,888,69,99999,57,888,CLOSE,OPEN,CLOSE,CLOSE
2/8/2022 1:14:46 PM,798,888,801,888,804,888,233,888,489,888,364,888,71,99999,57,888,CLOSE,OPEN,CLOSE,CLOSE
2/8/2022 1:14:51 PM,797,888,800,888,803,888,233,888,490,888,364,888,72,99999,57,888,CLOSE,OPEN,CLOSE,CLOSE
2/8/2022 1:14:56 PM,797,888,800,888,803,888,234,888,490,888,362,888,72,99999,58,888,CLOSE,OPEN,CLOSE,CLOSE
2/8/2022 1:15:01 PM,797,888,799,888,802,888,234,888,491,888,362,888,72,99999,57,888,CLOSE,OPEN,CLOSE,CLOSE
2/8/2022 1:15:06 PM,796,888,799,888,801,888,233,888,491,888,360,888,72,99999,58,888,CLOSE,OPEN,CLOSE,CLOSE
2/8/2022 1:15:11 PM,796,888,798,888,801,888,233,888,492,888,360,888,73,99999,57,888,CLOSE,OPEN,CLOSE,CLOSE
2/8/2022 1:15:16 PM,796,888,798,888,800,888,233,888,493,888,359,888,73,99999,57,888,CLOSE,OPEN,CLOSE,CLOSE
2/8/2022 1:15:21 PM,796,888,797,888,799,888,233,888,494,888,358,888,73,99999,58,888,CLOSE,OPEN,CLOSE,CLOSE
2/8/2022 1:15:26 PM,795,888,797,888,799,888,233,888,495,888,358,888,73,99999,58,888,CLOSE,OPEN,CLOSE,CLOSE
2/8/2022 1:15:31 PM,795,888,796,888,798,888,232,888,496,888,358,888,74,99999,58,888,CLOSE,OPEN,CLOSE,CLOSE
2/8/2022 1:17:24 PM,792,888,791,888,789,888,223,888,506,888,365,888,70,99999,58,888,CLOSE,OPEN,CLOSE,CLOSE
2/8/2022 1:17:29 PM,792,888,791,888,790,888,224,888,506,888,366,888,70,99999,58,888,CLOSE,OPEN,CLOSE,CLOSE
2/8/2022 1:17:34 PM,792,888,792,888,791,888,223,888,506,888,366,888,70,99999,58,888,CLOSE,OPEN,CLOSE,CLOSE
2/8/2022 1:17:39 PM,793,888,792,888,791,888,223,888,506,888,366,888,70,99999,58,888,CLOSE,OPEN,CLOSE,CLOSE
2/8/2022 1:17:44 PM,793,888,793,888,792,888,223,888,506,888,367,888,69,99999,58,888,CLOSE,OPEN,CLOSE,CLOSE
2/8/2022 1:17:49 PM,793,888,793,888,793,888,222,888,505,888,367,888,69,99999,58,888,CLOSE,OPEN,CLOSE,CLOSE
2/8/2022 1:17:54 PM,794,888,794,888,794,888,223,888,505,888,368,888,69,99999,58,888,CLOSE,OPEN,CLOSE,CLOSE
2/8/2022 1:18:05 PM,794,888,794,888,794,888,223,888,505,888,369,888,68,99999,58,888,CLOSE,OPEN,CLOSE,CLOSE
2/8/2022 1:18:09 PM,795,888,796,888,796,888,223,888,504,888,370,888,68,99999,57,888,CLOSE,OPEN,CLOSE,CLOSE
2/8/2022 1:18:14 PM,796,888,796,888,797,888,222,888,504,888,371,888,67,99999,57,888,CLOSE,OPEN,CLOSE,CLOSE
2/8/2022 1:18:19 PM,796,888,797,888,798,888,223,888,503,888,371,888,67,99999,58,888,CLOSE,OPEN,CLOSE,CLOSE
2/8/2022 1:18:24 PM,797,888,798,888,798,888,223,888,503,888,372,888,66,99999,58,888,CLOSE,OPEN,CLOSE,CLOSE
2/8/2022 1:18:29 PM,798,888,798,888,799,888,223,888,502,888,371,888,66,99999,57,888,CLOSE,OPEN,CLOSE,CLOSE
2/8/2022 1:18:34 PM,798,888,799,888,801,888,223,888,502,888,372,888,66,99999,57,888,CLOSE,OPEN,CLOSE,CLOSE
2/8/2022 1:18:39 PM,799,888,800,888,802,888,223,888,502,888,372,888,66,99999,57,888,CLOSE,OPEN,CLOSE,CLOSE
2/8/2022 1:18:44 PM,800,888,801,888,802,888,224,888,501,888,371,888,64,99999,57,888,CLOSE,OPEN,CLOSE,CLOSE
2/8/2022 1:18:49 PM,800,888,802,888,804,888,224,888,500,888,373,888,65,99999,57,888,CLOSE,OPEN,CLOSE,CLOSE
2/8/2022 1:18:54 PM,801,888,803,888,804,888,224,888,500,888,373,888,65,99999,58,888,CLOSE,OPEN,CLOSE,CLOSE
2/8/2022 1:20:55 PM,816,888,817,888,819,888,240,888,477,888,375,888,63,99999,57,888,CLOSE,OPEN,CLOSE,CLOSE
2/8/2022 1:21:00 PM,816,888,817,888,819,888,240,888,477,888,374,888,63,99999,57,888,CLOSE,OPEN,CLOSE,CLOSE
2/8/2022 1:21:05 PM,816,888,817,888,819,888,241,888,476,888,374,888,63,99999,56,888,CLOSE,OPEN,CLOSE,CLOSE
2/8/2022 1:21:10 PM,816,888,817,888,819,888,241,888,475,888,372,888,63,99999,57,888,CLOSE,OPEN,CLOSE,CLOSE
2/8/2022 1:21:15 PM,816,888,817,888,818,888,242,888,475,888,372,888,63,99999,57,888,CLOSE,OPEN,CLOSE,CLOSE
2/8/2022 1:21:20 PM,816,888,817,888,817,888,242,888,475,888,371,888,63,99999,57,888,CLOSE,OPEN,CLOSE,CLOSE
2/8/2022 1:21:25 PM,816,888,816,888,817,888,243,888,475,888,371,888,63,99999,57,888,CLOSE,OPEN,CLOSE,CLOSE
2/8/2022 1:21:30 PM,816,888,816,888,816,888,243,888,475,888,370,888,64,99999,57,888,CLOSE,OPEN,CLOSE,CLOSE
2/8/2022 1:21:35 PM,816,888,816,888,816,888,243,888,475,888,368,888,64,99999,57,888,CLOSE,OPEN,CLOSE,CLOSE
2/8/2022 1:21:53 PM,816,888,816,888,815,888,244,888,475,888,368,888,64,99999,57,888,CLOSE,OPEN,CLOSE,CLOSE
2/8/2022 1:21:55 PM,816,888,814,888,813,888,244,888,475,888,365,888,66,99999,57,888,CLOSE,OPEN,CLOSE,CLOSE
2/8/2022 1:22:00 PM,815,888,814,888,813,888,245,888,476,888,364,888,66,99999,57,888,CLOSE,OPEN,CLOSE,CLOSE
2/8/2022 1:22:09 PM,815,888,814,888,813,888,246,888,477,888,364,888,67,99999,57,888,CLOSE,OPEN,CLOSE,CLOSE
2/8/2022 1:22:10 PM,815,888,813,888,811,888,246,888,477,888,362,888,68,99999,57,888,CLOSE,OPEN,CLOSE,CLOSE
2/8/2022 1:22:15 PM,814,888,813,888,811,888,246,888,477,888,362,888,68,99999,57,888,CLOSE,OPEN,CLOSE,CLOSE
2/8/2022 1:22:20 PM,814,888,812,888,810,888,246,888,478,888,360,888,69,99999,57,888,CLOSE,OPEN,CLOSE,CLOSE
2/8/2022 1:22:25 PM,814,888,811,888,809,888,246,888,478,888,360,888,69,99999,57,888,CLOSE,OPEN,CLOSE,CLOSE
2/8/2022 1:22:31 PM,814,888,811,888,809,888,246,888,479,888,359,888,69,99999,56,888,CLOSE,OPEN,CLOSE,CLOSE
2/8/2022 1:22:37 PM,813,888,811,888,808,888,246,888,480,888,357,888,69,99999,57,888,CLOSE,OPEN,CLOSE,CLOSE
2/8/2022 1:22:40 PM,813,888,810,888,807,888,246,888,480,888,358,888,70,99999,57,888,CLOSE,OPEN,CLOSE,CLOSE
2/8/2022 1:22:45 PM,813,888,809,888,806,888,246,888,481,888,356,888,70,99999,57,888,CLOSE,OPEN,CLOSE,CLOSE
2/8/2022 1:22:50 PM,812,888,809,888,806,888,246,888,482,888,355,888,70,99999,57,888,CLOSE,OPEN,CLOSE,CLOSE
2/8/2022 1:22:55 PM,812,888,809,888,805,888,246,888,482,888,354,888,69,99999,57,888,CLOSE,OPEN,CLOSE,CLOSE
2/8/2022 1:23:00 PM,811,888,808,888,805,888,245,888,483,888,353,888,70,99999,57,888,CLOSE,OPEN,CLOSE,CLOSE
2/8/2022 1:23:05 PM,811,888,807,888,804,888,245,888,484,888,353,888,70,99999,57,888,CLOSE,OPEN,CLOSE,CLOSE
2/8/2022 1:23:10 PM,810,888,807,888,803,888,246,888,484,888,353,888,69,99999,58,888,CLOSE,OPEN,CLOSE,CLOSE
2/8/2022 1:23:15 PM,810,888,806,888,802,888,245,888,485,888,354,888,69,99999,57,888,CLOSE,OPEN,CLOSE,CLOSE
2/8/2022 1:23:20 PM,809,888,806,888,802,888,245,888,485,888,352,888,69,99999,57,888,CLOSE,OPEN,CLOSE,CLOSE
2/8/2022 1:23:25 PM,809,888,805,888,801,888,245,888,486,888,351,888,69,99999,57,888,CLOSE,OPEN,CLOSE,CLOSE
2/8/2022 1:23:30 PM,809,888,805,888,800,888,245,888,487,888,352,888,69,99999,57,888,CLOSE,OPEN,CLOSE,CLOSE
2/8/2022 1:23:35 PM,808,888,804,888,800,888,245,888,487,888,352,888,69,99999,57,888,CLOSE,OPEN,CLOSE,CLOSE
2/8/2022 1:23:40 PM,808,888,804,888,799,888,244,888,487,888,352,888,68,99999,57,888,CLOSE,OPEN,CLOSE,CLOSE
2/8/2022 1:23:45 PM,807,888,803,888,799,888,244,888,488,888,352,888,68,99999,58,888,CLOSE,OPEN,CLOSE,CLOSE
2/8/2022 1:24:23 PM,804,888,799,888,795,888,241,888,491,888,356,888,68,99999,57,888,CLOSE,OPEN,CLOSE,CLOSE
2/8/2022 1:24:28 PM,803,888,798,888,794,888,241,888,491,888,357,888,69,99999,57,888,CLOSE,OPEN,CLOSE,CLOSE
2/8/2022 1:24:33 PM,803,888,798,888,793,888,240,888,491,888,357,888,68,99999,57,888,CLOSE,OPEN,CLOSE,CLOSE
2/8/2022 1:24:38 PM,802,888,798,888,793,888,240,888,492,888,357,888,67,99999,56,888,CLOSE,OPEN,CLOSE,CLOSE
2/8/2022 1:24:43 PM,801,888,797,888,792,888,239,888,491,888,358,888,68,99999,57,888,CLOSE,OPEN,CLOSE,CLOSE
2/8/2022 1:24:48 PM,801,888,796,888,792,888,239,888,492,888,359,888,68,99999,57,888,CLOSE,OPEN,CLOSE,CLOSE
2/8/2022 1:24:53 PM,800,888,796,888,792,888,239,888,492,888,359,888,67,99999,57,888,CLOSE,OPEN,CLOSE,CLOSE
2/8/2022 1:24:58 PM,800,888,795,888,791,888,239,888,492,888,360,888,67,99999,57,888,CLOSE,OPEN,CLOSE,CLOSE
2/8/2022 1:25:03 PM,799,888,795,888,790,888,238,888,492,888,360,888,67,99999,57,888,CLOSE,OPEN,CLOSE,CLOSE
2/8/2022 1:25:08 PM,799,888,794,888,790,888,238,888,491,888,361,888,67,99999,57,888,CLOSE,OPEN,CLOSE,CLOSE
2/8/2022 1:25:13 PM,798,888,794,888,790,888,239,888,491,888,361,888,66,99999,57,888,CLOSE,OPEN,CLOSE,CLOSE
2/8/2022 1:25:29 PM,796,888,793,888,789,888,238,888,491,888,362,888,65,99999,57,888,CLOSE,OPEN,CLOSE,CLOSE
2/8/2022 1:25:34 PM,795,888,792,888,789,888,238,888,490,888,363,888,65,99999,57,888,CLOSE,OPEN,CLOSE,CLOSE
2/8/2022 1:25:39 PM,795,888,792,888,789,888,239,888,490,888,363,888,65,99999,57,888,CLOSE,OPEN,CLOSE,CLOSE
2/8/2022 1:25:44 PM,794,888,791,888,789,888,238,888,490,888,364,888,65,99999,57,888,CLOSE,OPEN,CLOSE,CLOSE
2/8/2022 1:25:54 PM,793,888,791,888,789,888,239,888,489,888,365,888,63,99999,57,888,CLOSE,OPEN,CLOSE,CLOSE
2/8/2022 1:25:59 PM,793,888,791,888,789,888,240,888,488,888,366,888,64,99999,57,888,CLOSE,OPEN,CLOSE,CLOSE
2/8/2022 1:26:04 PM,793,888,791,888,789,888,240,888,488,888,366,888,64,99999,57,888,CLOSE,OPEN,CLOSE,CLOSE
2/8/2022 1:26:09 PM,793,888,791,888,789,888,240,888,487,888,366,888,64,99999,57,888,CLOSE,OPEN,CLOSE,CLOSE
2/8/2022 1:26:14 PM,792,888,791,888,789,888,241,888,486,888,366,888,64,99999,56,888,CLOSE,OPEN,CLOSE,CLOSE
2/8/2022 1:27:03 PM,794,888,794,888,794,888,248,888,478,888,368,888,64,99999,56,888,CLOSE,OPEN,CLOSE,CLOSE
2/8/2022 1:27:08 PM,794,888,795,888,795,888,248,888,477,888,369,888,65,99999,57,888,CLOSE,OPEN,CLOSE,CLOSE
2/8/2022 1:35:43 PM,794,888,795,888,796,888,282,888,445,888,358,888,65,99999,56,888,CLOSE,OPEN,CLOSE,CLOSE
2/8/2022 1:49:50 PM,801,888,806,888,812,888,319,888,420,888,343,888,67,99999,55,888,CLOSE,OPEN,CLOSE,CLOSE
2/8/2022 1:50:04 PM,800,888,805,888,810,888,321,888,418,888,343,888,67,99999,55,888,CLOSE,OPEN,CLOSE,CLOSE
2/8/2022 1:50:09 PM,799,888,805,888,810,888,323,888,416,888,343,888,68,99999,55,888,CLOSE,OPEN,CLOSE,CLOSE
2/8/2022 1:50:14 PM,799,888,804,888,809,888,324,888,415,888,343,888,68,99999,56,888,CLOSE,OPEN,CLOSE,CLOSE
2/8/2022 1:50:19 PM,799,888,804,888,809,888,324,888,414,888,343,888,68,99999,56,888,CLOSE,OPEN,CLOSE,CLOSE
2/8/2022 2:08:45 PM,809,888,806,888,802,888,347,888,397,888,327,888,64,99999,55,888,CLOSE,OPEN,CLOSE,CLOSE
2/8/2022 2:08:50 PM,809,888,805,888,801,888,346,888,398,888,327,888,64,99999,55,888,CLOSE,OPEN,CLOSE,CLOSE
2/8/2022 2:09:24 PM,805,888,801,888,797,888,342,888,399,888,332,888,64,99999,55,888,CLOSE,OPEN,CLOSE,CLOSE
2/8/2022 2:09:29 PM,804,888,801,888,797,888,341,888,399,888,333,888,63,99999,55,888,CLOSE,OPEN,CLOSE,CLOSE
2/8/2022 2:09:34 PM,804,888,800,888,797,888,340,888,399,888,333,888,64,99999,54,888,CLOSE,OPEN,CLOSE,CLOSE
2/8/2022 2:09:39 PM,803,888,800,888,796,888,340,888,400,888,335,888,64,99999,55,888,CLOSE,OPEN,CLOSE,CLOSE
2/8/2022 2:09:44 PM,803,888,799,888,796,888,339,888,400,888,335,888,64,99999,54,888,CLOSE,OPEN,CLOSE,CLOSE
2/8/2022 2:10:14 PM,802,888,799,888,794,888,338,888,400,888,339,888,63,99999,55,888,CLOSE,OPEN,CLOSE,CLOSE
2/8/2022 2:10:14 PM,799,888,799,888,794,888,338,888,400,888,339,888,63,99999,55,888,CLOSE,OPEN,CLOSE,CLOSE
2/8/2022 2:10:19 PM,799,888,796,888,793,888,338,888,399,888,339,888,64,99999,56,888,CLOSE,OPEN,CLOSE,CLOSE
2/8/2022 2:10:24 PM,798,888,796,888,793,888,338,888,400,888,340,888,62,99999,55,888,CLOSE,OPEN,CLOSE,CLOSE
2/8/2022 2:10:29 PM,798,888,795,888,793,888,337,888,399,888,340,888,62,99999,55,888,CLOSE,OPEN,CLOSE,CLOSE
2/8/2022 2:10:34 PM,797,888,795,888,793,888,338,888,398,888,340,888,63,99999,54,888,CLOSE,OPEN,CLOSE,CLOSE
2/8/2022 2:10:39 PM,797,888,795,888,792,888,338,888,399,888,340,888,63,99999,55,888,CLOSE,OPEN,CLOSE,CLOSE
2/8/2022 2:10:44 PM,796,888,794,888,792,888,338,888,398,888,342,888,63,99999,55,888,CLOSE,OPEN,CLOSE,CLOSE
2/8/2022 2:10:49 PM,795,888,794,888,792,888,338,888,398,888,343,888,63,99999,55,888,CLOSE,OPEN,CLOSE,CLOSE
2/8/2022 2:17:01 PM,795,888,794,888,792,888,338,888,397,888,342,888,62,99999,55,888,CLOSE,OPEN,CLOSE,CLOSE
2/8/2022 2:17:04 PM,807,888,807,888,806,888,344,888,393,888,339,888,64,99999,55,888,CLOSE,OPEN,CLOSE,CLOSE
2/8/2022 2:17:09 PM,807,888,806,888,805,888,344,888,393,888,339,888,64,99999,55,888,CLOSE,OPEN,CLOSE,CLOSE
2/8/2022 2:17:14 PM,807,888,806,888,805,888,343,888,393,888,339,888,63,99999,55,888,CLOSE,OPEN,CLOSE,CLOSE
2/8/2022 2:17:19 PM,806,888,805,888,804,888,343,888,393,888,340,888,64,99999,55,888,CLOSE,OPEN,CLOSE,CLOSE
2/8/2022 2:17:24 PM,806,888,805,888,804,888,343,888,392,888,341,888,65,99999,55,888,CLOSE,OPEN,CLOSE,CLOSE
2/8/2022 2:17:29 PM,805,888,805,888,805,888,343,888,393,888,341,888,63,99999,55,888,CLOSE,OPEN,CLOSE,CLOSE
2/8/2022 2:17:34 PM,804,888,804,888,803,888,343,888,392,888,341,888,63,99999,55,888,CLOSE,OPEN,CLOSE,CLOSE
2/8/2022 2:18:00 PM,801,888,801,888,802,888,343,888,393,888,344,888,63,99999,55,888,CLOSE,OPEN,CLOSE,CLOSE
2/8/2022 2:18:05 PM,801,888,801,888,802,888,343,888,391,888,345,888,63,99999,55,888,CLOSE,OPEN,CLOSE,CLOSE
2/8/2022 2:18:41 PM,797,888,798,888,799,888,346,888,388,888,347,888,64,99999,55,888,CLOSE,OPEN,CLOSE,CLOSE
2/8/2022 2:18:47 PM,797,888,798,888,799,888,347,888,387,888,348,888,64,99999,55,888,CLOSE,OPEN,CLOSE,CLOSE
2/8/2022 2:18:51 PM,797,888,798,888,799,888,348,888,386,888,348,888,65,99999,55,888,CLOSE,OPEN,CLOSE,CLOSE
2/8/2022 2:18:56 PM,796,888,797,888,799,888,349,888,386,888,349,888,64,99999,55,888,CLOSE,OPEN,CLOSE,CLOSE
2/8/2022 2:54:34 PM,802,888,802,888,802,888,368,888,364,888,357,888,64,99999,55,888,CLOSE,OPEN,CLOSE,CLOSE
2/8/2022 2:54:39 PM,802,888,802,888,802,888,368,888,363,888,358,888,65,99999,55,888,CLOSE,OPEN,CLOSE,CLOSE
2/8/2022 2:54:44 PM,801,888,801,888,801,888,369,888,363,888,359,888,64,99999,55,888,CLOSE,OPEN,CLOSE,CLOSE
2/8/2022 2:54:49 PM,801,888,801,888,801,888,369,888,362,888,359,888,64,99999,55,888,CLOSE,OPEN,CLOSE,CLOSE
2/8/2022 2:54:54 PM,800,888,801,888,801,888,369,888,363,888,359,888,64,99999,56,888,CLOSE,OPEN,CLOSE,CLOSE
2/8/2022 2:54:59 PM,800,888,800,888,801,888,370,888,362,888,359,888,64,99999,56,888,CLOSE,OPEN,CLOSE,CLOSE
2/8/2022 2:55:04 PM,799,888,800,888,800,888,370,888,362,888,360,888,64,99999,55,888,CLOSE,OPEN,CLOSE,CLOSE
2/8/2022 2:55:09 PM,799,888,799,888,800,888,371,888,361,888,360,888,64,99999,55,888,CLOSE,OPEN,CLOSE,CLOSE
2/8/2022 2:55:14 PM,798,888,799,888,799,888,372,888,361,888,361,888,65,99999,55,888,CLOSE,OPEN,CLOSE,CLOSE
2/8/2022 2:55:19 PM,798,888,799,888,799,888,372,888,361,888,360,888,64,99999,56,888,CLOSE,OPEN,CLOSE,CLOSE
2/8/2022 2:55:24 PM,797,888,798,888,799,888,373,888,360,888,361,888,65,99999,56,888,CLOSE,OPEN,CLOSE,CLOSE
2/8/2022 2:55:29 PM,797,888,798,888,799,888,374,888,360,888,362,888,65,99999,55,888,CLOSE,OPEN,CLOSE,CLOSE
2/8/2022 2:55:34 PM,796,888,797,888,799,888,375,888,358,888,362,888,65,99999,55,888,CLOSE,OPEN,CLOSE,CLOSE
2/8/2022 2:55:39 PM,796,888,797,888,798,888,376,888,358,888,362,888,66,99999,56,888,CLOSE,OPEN,CLOSE,CLOSE
2/8/2022 2:55:44 PM,795,888,796,888,798,888,376,888,357,888,362,888,66,99999,55,888,CLOSE,OPEN,CLOSE,CLOSE
2/8/2022 2:55:49 PM,795,888,796,888,797,888,378,888,357,888,363,888,67,99999,55,888,CLOSE,OPEN,CLOSE,CLOSE
2/8/2022 2:55:54 PM,794,888,796,888,797,888,379,888,356,888,361,888,67,99999,55,888,CLOSE,OPEN,CLOSE,CLOSE
2/8/2022 2:55:59 PM,794,888,795,888,797,888,379,888,356,888,363,888,68,99999,56,888,CLOSE,OPEN,CLOSE,CLOSE
2/8/2022 2:56:04 PM,793,888,795,888,796,888,380,888,355,888,363,888,68,99999,56,888,CLOSE,OPEN,CLOSE,CLOSE
2/8/2022 2:56:09 PM,793,888,794,888,796,888,380,888,354,888,362,888,67,99999,56,888,CLOSE,OPEN,CLOSE,CLOSE
2/8/2022 2:56:14 PM,793,888,794,888,796,888,381,888,354,888,363,888,67,99999,56,888,CLOSE,OPEN,CLOSE,CLOSE
2/8/2022 2:56:19 PM,792,888,794,888,796,888,382,888,353,888,364,888,67,99999,56,888,CLOSE,OPEN,CLOSE,CLOSE
2/8/2022 2:56:24 PM,792,888,794,888,795,888,383,888,352,888,363,888,67,99999,56,888,CLOSE,OPEN,CLOSE,CLOSE
2/8/2022 2:56:29 PM,792,888,793,888,795,888,384,888,352,888,364,888,67,99999,55,888,CLOSE,OPEN,CLOSE,CLOSE
2/8/2022 2:56:34 PM,791,888,793,888,795,888,385,888,351,888,363,888,67,99999,56,888,CLOSE,OPEN,CLOSE,CLOSE
2/8/2022 2:56:39 PM,791,888,793,888,795,888,385,888,351,888,364,888,67,99999,55,888,CLOSE,OPEN,CLOSE,CLOSE
2/8/2022 2:56:44 PM,791,888,793,888,795,888,386,888,350,888,363,888,67,99999,56,888,CLOSE,OPEN,CLOSE,CLOSE
2/8/2022 2:56:49 PM,791,888,793,888,795,888,387,888,350,888,363,888,66,99999,55,888,CLOSE,OPEN,CLOSE,CLOSE
2/8/2022 2:56:54 PM,791,888,793,888,795,888,387,888,349,888,364,888,66,99999,55,888,CLOSE,OPEN,CLOSE,CLOSE
2/8/2022 3:04:14 PM,796,888,800,888,805,888,391,888,345,888,365,888,66,99999,55,888,CLOSE,OPEN,CLOSE,CLOSE
2/8/2022 3:04:19 PM,795,888,800,888,804,888,392,888,344,888,365,888,66,99999,56,888,CLOSE,OPEN,CLOSE,CLOSE
2/8/2022 3:04:24 PM,795,888,799,888,804,888,393,888,344,888,365,888,67,99999,55,888,CLOSE,OPEN,CLOSE,CLOSE
2/8/2022 3:04:29 PM,795,888,799,888,803,888,393,888,344,888,364,888,66,99999,56,888,CLOSE,OPEN,CLOSE,CLOSE
2/8/2022 3:04:34 PM,795,888,799,888,803,888,393,888,343,888,365,888,65,99999,55,888,CLOSE,OPEN,CLOSE,CLOSE
2/8/2022 3:04:39 PM,794,888,798,888,803,888,394,888,343,888,364,888,65,99999,56,888,CLOSE,OPEN,CLOSE,CLOSE
2/8/2022 3:04:44 PM,794,888,798,888,802,888,394,888,343,888,364,888,65,99999,55,888,CLOSE,OPEN,CLOSE,CLOSE
2/8/2022 3:04:49 PM,793,888,798,888,802,888,394,888,342,888,363,888,65,99999,55,888,CLOSE,OPEN,CLOSE,CLOSE
2/8/2022 3:04:54 PM,793,888,797,888,801,888,394,888,342,888,362,888,65,99999,56,888,CLOSE,OPEN,CLOSE,CLOSE
2/8/2022 3:04:59 PM,793,888,797,888,801,888,395,888,342,888,362,888,65,99999,56,888,CLOSE,OPEN,CLOSE,CLOSE
2/8/2022 3:05:04 PM,793,888,797,888,801,888,395,888,342,888,361,888,65,99999,55,888,CLOSE,OPEN,CLOSE,CLOSE
2/8/2022 3:05:09 PM,792,888,796,888,800,888,395,888,342,888,360,888,64,99999,56,888,CLOSE,OPEN,CLOSE,CLOSE
2/8/2022 3:05:14 PM,792,888,796,888,800,888,396,888,343,888,360,888,64,99999,55,888,CLOSE,OPEN,CLOSE,CLOSE
2/8/2022 3:05:19 PM,792,888,795,888,799,888,396,888,342,888,359,888,65,99999,55,888,CLOSE,OPEN,CLOSE,CLOSE
2/8/2022 3:05:24 PM,791,888,795,888,799,888,396,888,343,888,358,888,65,99999,55,888,CLOSE,OPEN,CLOSE,CLOSE
2/8/2022 3:05:29 PM,791,888,795,888,799,888,395,888,343,888,357,888,65,99999,56,888,CLOSE,OPEN,CLOSE,CLOSE
2/8/2022 3:05:34 PM,790,888,795,888,799,888,396,888,343,888,355,888,65,99999,56,888,CLOSE,OPEN,CLOSE,CLOSE
2/8/2022 3:05:39 PM,790,888,794,888,798,888,396,888,343,888,355,888,66,99999,55,888,CLOSE,OPEN,CLOSE,CLOSE
2/8/2022 3:05:44 PM,790,888,794,888,798,888,396,888,344,888,354,888,66,99999,55,888,CLOSE,OPEN,CLOSE,CLOSE
2/8/2022 3:05:49 PM,790,888,794,888,798,888,396,888,344,888,354,888,66,99999,56,888,CLOSE,OPEN,CLOSE,CLOSE
2/8/2022 3:08:03 PM,798,888,800,888,801,888,382,888,353,888,355,888,65,99999,55,888,CLOSE,OPEN,CLOSE,CLOSE
2/8/2022 3:08:08 PM,799,888,801,888,802,888,381,888,353,888,355,888,65,99999,56,888,CLOSE,OPEN,CLOSE,CLOSE
2/8/2022 3:08:13 PM,800,888,802,888,804,888,380,888,354,888,357,888,66,99999,55,888,CLOSE,OPEN,CLOSE,CLOSE
2/8/2022 3:08:18 PM,801,888,803,888,804,888,380,888,354,888,357,888,65,99999,56,888,CLOSE,OPEN,CLOSE,CLOSE
2/8/2022 3:08:23 PM,801,888,803,888,805,888,379,888,353,888,358,888,66,99999,55,888,CLOSE,OPEN,CLOSE,CLOSE
2/8/2022 3:08:28 PM,802,888,804,888,806,888,378,888,354,888,358,888,66,99999,56,888,CLOSE,OPEN,CLOSE,CLOSE
2/8/2022 3:08:37 PM,803,888,806,888,808,888,378,888,353,888,359,888,65,99999,56,888,CLOSE,OPEN,CLOSE,CLOSE
2/8/2022 3:08:42 PM,804,888,807,888,809,888,378,888,354,888,360,888,65,99999,56,888,CLOSE,OPEN,CLOSE,CLOSE
2/8/2022 3:08:47 PM,805,888,807,888,810,888,377,888,354,888,360,888,65,99999,55,888,CLOSE,OPEN,CLOSE,CLOSE
2/8/2022 3:08:52 PM,806,888,809,888,812,888,377,888,354,888,362,888,65,99999,55,888,CLOSE,OPEN,CLOSE,CLOSE
2/8/2022 3:08:57 PM,807,888,810,888,813,888,377,888,354,888,362,888,64,99999,56,888,CLOSE,OPEN,CLOSE,CLOSE
2/8/2022 3:09:02 PM,807,888,811,888,814,888,377,888,353,888,363,888,64,99999,55,888,CLOSE,OPEN,CLOSE,CLOSE
2/8/2022 3:09:07 PM,808,888,812,888,815,888,377,888,353,888,362,888,65,99999,55,888,CLOSE,OPEN,CLOSE,CLOSE
2/8/2022 3:09:12 PM,809,888,812,888,816,888,377,888,354,888,364,888,65,99999,55,888,CLOSE,OPEN,CLOSE,CLOSE
2/8/2022 3:09:17 PM,810,888,813,888,817,888,377,888,353,888,364,888,64,99999,55,888,CLOSE,OPEN,CLOSE,CLOSE
2/8/2022 3:09:22 PM,810,888,814,888,818,888,377,888,353,888,365,888,64,99999,55,888,CLOSE,OPEN,CLOSE,CLOSE
2/8/2022 3:09:27 PM,810,888,815,888,819,888,378,888,353,888,365,888,65,99999,55,888,CLOSE,OPEN,CLOSE,CLOSE
2/8/2022 3:09:32 PM,811,888,815,888,820,888,378,888,352,888,365,888,64,99999,55,888,CLOSE,OPEN,CLOSE,CLOSE
2/8/2022 3:09:37 PM,811,888,816,888,820,888,379,888,352,888,366,888,65,99999,55,888,CLOSE,OPEN,CLOSE,CLOSE
2/8/2022 3:09:42 PM,812,888,816,888,821,888,379,888,352,888,366,888,65,99999,55,888,CLOSE,OPEN,CLOSE,CLOSE
2/8/2022 3:10:15 PM,813,888,818,888,823,888,383,888,348,888,368,888,66,99999,55,888,CLOSE,OPEN,CLOSE,CLOSE
2/8/2022 3:10:20 PM,813,888,818,888,823,888,384,888,348,888,368,888,67,99999,55,888,CLOSE,OPEN,CLOSE,CLOSE
2/8/2022 3:10:25 PM,813,888,818,888,823,888,385,888,348,888,369,888,67,99999,56,888,CLOSE,OPEN,CLOSE,CLOSE
2/8/2022 3:10:30 PM,813,888,818,888,823,888,386,888,347,888,369,888,67,99999,56,888,CLOSE,OPEN,CLOSE,CLOSE
2/8/2022 3:10:35 PM,813,888,818,888,823,888,386,888,347,888,369,888,67,99999,56,888,CLOSE,OPEN,CLOSE,CLOSE
2/8/2022 3:10:40 PM,813,888,818,888,823,888,388,888,346,888,369,888,68,99999,55,888,CLOSE,OPEN,CLOSE,CLOSE
2/8/2022 3:10:45 PM,813,888,818,888,823,888,389,888,346,888,369,888,68,99999,56,888,CLOSE,OPEN,CLOSE,CLOSE
2/8/2022 3:10:50 PM,812,888,817,888,822,888,389,888,345,888,369,888,67,99999,56,888,CLOSE,OPEN,CLOSE,CLOSE
2/8/2022 3:10:55 PM,812,888,817,888,822,888,390,888,344,888,370,888,68,99999,56,888,CLOSE,OPEN,CLOSE,CLOSE
2/8/2022 3:11:00 PM,812,888,817,888,822,888,392,888,343,888,370,888,68,99999,56,888,CLOSE,OPEN,CLOSE,CLOSE
2/8/2022 3:11:05 PM,812,888,816,888,821,888,392,888,343,888,371,888,68,99999,56,888,CLOSE,OPEN,CLOSE,CLOSE
2/8/2022 3:11:10 PM,812,888,816,888,821,888,393,888,342,888,370,888,67,99999,56,888,CLOSE,OPEN,CLOSE,CLOSE
2/8/2022 3:11:15 PM,811,888,816,888,821,888,393,888,342,888,370,888,67,99999,55,888,CLOSE,OPEN,CLOSE,CLOSE
2/8/2022 3:11:20 PM,811,888,816,888,820,888,394,888,341,888,369,888,68,99999,56,888,CLOSE,OPEN,CLOSE,CLOSE
2/8/2022 3:11:25 PM,811,888,815,888,820,888,395,888,340,888,370,888,67,99999,55,888,CLOSE,OPEN,CLOSE,CLOSE
2/8/2022 3:11:30 PM,810,888,815,888,819,888,395,888,340,888,369,888,67,99999,56,888,CLOSE,OPEN,CLOSE,CLOSE
2/8/2022 3:11:35 PM,810,888,814,888,819,888,396,888,339,888,370,888,66,99999,56,888,CLOSE,OPEN,CLOSE,CLOSE
2/8/2022 3:11:40 PM,810,888,814,888,818,888,396,888,339,888,369,888,67,99999,55,888,CLOSE,OPEN,CLOSE,CLOSE
2/8/2022 3:11:45 PM,810,888,813,888,818,888,397,888,339,888,369,888,66,99999,55,888,CLOSE,OPEN,CLOSE,CLOSE
2/8/2022 3:11:50 PM,809,888,813,888,817,888,398,888,338,888,369,888,66,99999,56,888,CLOSE,OPEN,CLOSE,CLOSE
2/8/2022 3:11:55 PM,809,888,813,888,816,888,398,888,338,888,368,888,66,99999,56,888,CLOSE,OPEN,CLOSE,CLOSE
2/8/2022 3:12:00 PM,809,888,812,888,816,888,398,888,338,888,368,888,65,99999,56,888,CLOSE,OPEN,CLOSE,CLOSE
2/8/2022 3:12:05 PM,809,888,812,888,815,888,399,888,338,888,367,888,65,99999,55,888,CLOSE,OPEN,CLOSE,CLOSE
2/8/2022 3:12:10 PM,808,888,811,888,814,888,399,888,338,888,366,888,65,99999,56,888,CLOSE,OPEN,CLOSE,CLOSE
2/8/2022 3:12:15 PM,808,888,811,888,813,888,399,888,338,888,366,888,64,99999,56,888,CLOSE,OPEN,CLOSE,CLOSE
2/8/2022 3:12:20 PM,807,888,810,888,813,888,399,888,338,888,365,888,65,99999,56,888,CLOSE,OPEN,CLOSE,CLOSE
2/8/2022 3:16:14 PM,794,888,791,888,789,888,381,888,348,888,365,888,65,99999,56,888,CLOSE,OPEN,CLOSE,CLOSE
2/8/2022 3:16:19 PM,794,888,791,888,789,888,380,888,349,888,365,888,66,99999,55,888,CLOSE,OPEN,CLOSE,CLOSE
2/8/2022 3:16:24 PM,794,888,792,888,789,888,380,888,349,888,366,888,66,99999,55,888,CLOSE,OPEN,CLOSE,CLOSE
2/8/2022 3:16:29 PM,794,888,792,888,790,888,381,888,349,888,367,888,64,99999,56,888,CLOSE,OPEN,CLOSE,CLOSE
2/8/2022 3:16:34 PM,794,888,792,888,790,888,381,888,348,888,367,888,65,99999,55,888,CLOSE,OPEN,CLOSE,CLOSE
2/8/2022 3:16:39 PM,794,888,793,888,791,888,381,888,348,888,368,888,65,99999,56,888,CLOSE,OPEN,CLOSE,CLOSE
2/8/2022 3:16:44 PM,795,888,793,888,792,888,381,888,348,888,368,888,65,99999,55,888,CLOSE,OPEN,CLOSE,CLOSE
2/8/2022 3:16:49 PM,795,888,794,888,792,888,381,888,348,888,369,888,65,99999,55,888,CLOSE,OPEN,CLOSE,CLOSE
2/8/2022 3:16:54 PM,795,888,794,888,793,888,382,888,347,888,368,888,64,99999,56,888,CLOSE,OPEN,CLOSE,CLOSE
2/8/2022 3:16:59 PM,796,888,795,888,794,888,382,888,347,888,369,888,64,99999,56,888,CLOSE,OPEN,CLOSE,CLOSE
2/8/2022 3:17:04 PM,796,888,795,888,795,888,383,888,346,888,370,888,65,99999,56,888,CLOSE,OPEN,CLOSE,CLOSE
2/8/2022 3:17:09 PM,797,888,796,888,796,888,383,888,347,888,370,888,64,99999,55,888,CLOSE,OPEN,CLOSE,CLOSE
2/8/2022 3:17:14 PM,797,888,797,888,796,888,384,888,346,888,370,888,65,99999,56,888,CLOSE,OPEN,CLOSE,CLOSE
2/8/2022 3:17:19 PM,798,888,797,888,797,888,384,888,346,888,371,888,66,99999,56,888,CLOSE,OPEN,CLOSE,CLOSE
2/8/2022 3:17:24 PM,798,888,798,888,798,888,385,888,345,888,371,888,67,99999,56,888,CLOSE,OPEN,CLOSE,CLOSE
2/8/2022 3:17:29 PM,799,888,799,888,799,888,386,888,345,888,372,888,66,99999,56,888,CLOSE,OPEN,CLOSE,CLOSE
2/8/2022 3:17:34 PM,800,888,800,888,800,888,387,888,344,888,372,888,66,99999,55,888,CLOSE,OPEN,CLOSE,CLOSE
2/8/2022 3:17:39 PM,800,888,800,888,801,888,388,888,344,888,372,888,67,99999,56,888,CLOSE,OPEN,CLOSE,CLOSE
2/8/2022 3:17:44 PM,801,888,801,888,802,888,389,888,343,888,372,888,67,99999,56,888,CLOSE,OPEN,CLOSE,CLOSE
2/8/2022 3:17:49 PM,801,888,802,888,803,888,390,888,343,888,373,888,68,99999,56,888,CLOSE,OPEN,CLOSE,CLOSE
2/8/2022 3:17:54 PM,802,888,803,888,804,888,391,888,342,888,373,888,68,99999,56,888,CLOSE,OPEN,CLOSE,CLOSE
2/8/2022 3:17:59 PM,803,888,804,888,805,888,392,888,341,888,373,888,69,99999,56,888,CLOSE,OPEN,CLOSE,CLOSE
2/8/2022 3:18:04 PM,804,888,805,888,806,888,393,888,341,888,374,888,69,99999,55,888,CLOSE,OPEN,CLOSE,CLOSE
2/8/2022 3:18:09 PM,804,888,806,888,807,888,394,888,340,888,373,888,68,99999,55,888,CLOSE,OPEN,CLOSE,CLOSE
2/8/2022 3:18:14 PM,805,888,807,888,808,888,395,888,339,888,373,888,69,99999,56,888,CLOSE,OPEN,CLOSE,CLOSE
2/8/2022 3:18:19 PM,806,888,807,888,809,888,395,888,339,888,374,888,69,99999,55,888,CLOSE,OPEN,CLOSE,CLOSE
2/8/2022 3:18:24 PM,807,888,808,888,810,888,396,888,338,888,374,888,69,99999,56,888,CLOSE,OPEN,CLOSE,CLOSE
2/8/2022 3:18:29 PM,808,888,810,888,811,888,397,888,338,888,374,888,69,99999,56,888,CLOSE,OPEN,CLOSE,CLOSE
2/8/2022 3:18:34 PM,809,888,810,888,812,888,398,888,337,888,373,888,68,99999,55,888,CLOSE,OPEN,CLOSE,CLOSE
2/8/2022 3:18:39 PM,810,888,811,888,812,888,398,888,337,888,373,888,68,99999,56,888,CLOSE,OPEN,CLOSE,CLOSE
2/8/2022 3:18:44 PM,810,888,812,888,813,888,399,888,336,888,373,888,67,99999,56,888,CLOSE,OPEN,CLOSE,CLOSE
2/8/2022 3:18:49 PM,812,888,813,888,814,888,400,888,336,888,372,888,68,99999,56,888,CLOSE,OPEN,CLOSE,CLOSE
2/8/2022 3:18:54 PM,813,888,813,888,814,888,400,888,335,888,373,888,67,99999,56,888,CLOSE,OPEN,CLOSE,CLOSE
2/8/2022 3:18:59 PM,813,888,814,888,815,888,401,888,335,888,372,888,67,99999,57,888,CLOSE,OPEN,CLOSE,CLOSE
2/8/2022 3:22:58 PM,803,888,800,888,796,888,388,888,344,888,363,888,65,99999,55,888,CLOSE,OPEN,CLOSE,CLOSE
2/8/2022 3:23:03 PM,803,888,799,888,796,888,388,888,344,888,363,888,66,99999,56,888,CLOSE,OPEN,CLOSE,CLOSE
2/8/2022 3:23:33 PM,799,888,796,888,794,888,386,888,345,888,366,888,65,99999,55,888,CLOSE,OPEN,CLOSE,CLOSE
2/8/2022 3:23:38 PM,799,888,796,888,793,888,386,888,344,888,367,888,65,99999,56,888,CLOSE,OPEN,CLOSE,CLOSE
2/8/2022 3:23:43 PM,798,888,796,888,793,888,386,888,344,888,368,888,65,99999,56,888,CLOSE,OPEN,CLOSE,CLOSE
2/8/2022 3:23:48 PM,798,888,795,888,793,888,386,888,344,888,369,888,64,99999,56,888,CLOSE,OPEN,CLOSE,CLOSE
2/8/2022 3:23:53 PM,797,888,795,888,792,888,386,888,344,888,368,888,66,99999,56,888,CLOSE,OPEN,CLOSE,CLOSE
2/8/2022 3:23:58 PM,796,888,794,888,792,888,385,888,344,888,369,888,65,99999,55,888,CLOSE,OPEN,CLOSE,CLOSE
2/8/2022 3:24:03 PM,796,888,794,888,792,888,386,888,343,888,370,888,64,99999,56,888,CLOSE,OPEN,CLOSE,CLOSE
2/8/2022 3:24:08 PM,795,888,793,888,791,888,387,888,343,888,371,888,65,99999,55,888,CLOSE,OPEN,CLOSE,CLOSE
2/8/2022 3:24:13 PM,795,888,793,888,791,888,387,888,343,888,370,888,65,99999,56,888,CLOSE,OPEN,CLOSE,CLOSE
2/8/2022 3:24:18 PM,794,888,793,888,791,888,387,888,343,888,371,888,65,99999,56,888,CLOSE,OPEN,CLOSE,CLOSE
2/8/2022 3:24:23 PM,794,888,792,888,791,888,388,888,342,888,371,888,65,99999,56,888,CLOSE,OPEN,CLOSE,CLOSE
2/8/2022 3:24:28 PM,794,888,792,888,791,888,388,888,342,888,372,888,65,99999,56,888,CLOSE,OPEN,CLOSE,CLOSE
2/8/2022 3:28:44 PM,814,888,814,888,814,888,407,888,335,888,355,888,64,99999,55,888,CLOSE,OPEN,CLOSE,CLOSE
2/8/2022 3:28:49 PM,815,888,814,888,814,888,406,888,334,888,355,888,64,99999,56,888,CLOSE,OPEN,CLOSE,CLOSE
2/8/2022 3:28:54 PM,814,888,814,888,814,888,406,888,335,888,355,888,63,99999,56,888,CLOSE,OPEN,CLOSE,CLOSE
2/8/2022 3:30:12 PM,809,888,808,888,807,888,394,888,339,888,364,888,65,99999,56,888,CLOSE,OPEN,CLOSE,CLOSE
2/8/2022 3:30:17 PM,808,888,807,888,806,888,393,888,339,888,364,888,65,99999,56,888,CLOSE,OPEN,CLOSE,CLOSE
2/8/2022 3:30:22 PM,808,888,807,888,806,888,393,888,340,888,366,888,65,99999,55,888,CLOSE,OPEN,CLOSE,CLOSE
2/8/2022 3:30:27 PM,807,888,806,888,805,888,392,888,340,888,367,888,65,99999,56,888,CLOSE,OPEN,CLOSE,CLOSE
2/8/2022 3:30:32 PM,807,888,806,888,805,888,392,888,339,888,367,888,64,99999,55,888,CLOSE,OPEN,CLOSE,CLOSE
2/8/2022 3:30:45 PM,805,888,805,888,804,888,391,888,340,888,369,888,66,99999,55,888,CLOSE,OPEN,CLOSE,CLOSE
2/8/2022 3:30:50 PM,805,888,804,888,804,888,390,888,340,888,368,888,66,99999,56,888,CLOSE,OPEN,CLOSE,CLOSE
2/8/2022 3:43:00 PM,790,888,793,888,797,888,408,888,324,888,374,888,65,99999,56,888,CLOSE,OPEN,CLOSE,CLOSE
2/8/2022 3:43:05 PM,790,888,793,888,797,888,407,888,324,888,373,888,64,99999,56,888,CLOSE,OPEN,CLOSE,CLOSE
2/8/2022 3:43:10 PM,790,888,794,888,797,888,407,888,324,888,372,888,64,99999,56,888,CLOSE,OPEN,CLOSE,CLOSE
2/8/2022 3:43:15 PM,790,888,794,888,798,888,406,888,325,888,372,888,64,99999,56,888,CLOSE,OPEN,CLOSE,CLOSE
2/8/2022 3:43:20 PM,791,888,794,888,798,888,405,888,325,888,373,888,64,99999,56,888,CLOSE,OPEN,CLOSE,CLOSE
2/8/2022 3:43:25 PM,791,888,794,888,798,888,405,888,325,888,372,888,63,99999,56,888,CLOSE,OPEN,CLOSE,CLOSE
2/8/2022 3:43:30 PM,792,888,795,888,798,888,405,888,326,888,371,888,64,99999,56,888,CLOSE,OPEN,CLOSE,CLOSE
2/8/2022 3:43:35 PM,792,888,795,888,798,888,404,888,326,888,372,888,63,99999,55,888,CLOSE,OPEN,CLOSE,CLOSE
2/8/2022 3:43:40 PM,793,888,796,888,799,888,404,888,326,888,372,888,63,99999,56,888,CLOSE,OPEN,CLOSE,CLOSE
2/8/2022 3:43:45 PM,793,888,796,888,799,888,403,888,327,888,371,888,63,99999,55,888,CLOSE,OPEN,CLOSE,CLOSE
2/8/2022 3:43:50 PM,794,888,796,888,799,888,402,888,327,888,372,888,63,99999,56,888,CLOSE,OPEN,CLOSE,CLOSE
2/8/2022 3:43:55 PM,794,888,797,888,800,888,401,888,328,888,372,888,63,99999,56,888,CLOSE,OPEN,CLOSE,CLOSE
2/8/2022 4:05:32 PM,816,888,814,888,813,888,366,888,316,888,422,888,67,99999,53,888,CLOSE,OPEN,CLOSE,CLOSE
2/8/2022 4:05:37 PM,815,888,814,888,813,888,365,888,317,888,423,888,67,99999,53,888,CLOSE,OPEN,CLOSE,CLOSE
2/8/2022 4:05:42 PM,815,888,814,888,813,888,365,888,317,888,421,888,67,99999,52,888,CLOSE,OPEN,CLOSE,CLOSE
2/8/2022 4:05:47 PM,815,888,814,888,813,888,364,888,317,888,421,888,67,99999,52,888,CLOSE,OPEN,CLOSE,CLOSE
2/8/2022 4:05:52 PM,815,888,814,888,813,888,364,888,318,888,421,888,67,99999,53,888,CLOSE,OPEN,CLOSE,CLOSE
2/8/2022 4:05:57 PM,815,888,814,888,812,888,363,888,318,888,421,888,66,99999,52,888,CLOSE,OPEN,CLOSE,CLOSE
2/8/2022 4:06:02 PM,814,888,813,888,812,888,362,888,319,888,420,888,66,99999,52,888,CLOSE,OPEN,CLOSE,CLOSE
2/8/2022 4:06:07 PM,814,888,812,888,811,888,362,888,319,888,420,888,66,99999,52,888,CLOSE,OPEN,CLOSE,CLOSE
2/8/2022 4:06:12 PM,814,888,812,888,811,888,360,888,319,888,420,888,66,99999,52,888,CLOSE,OPEN,CLOSE,CLOSE
2/8/2022 4:06:17 PM,813,888,812,888,810,888,360,888,320,888,420,888,66,99999,53,888,CLOSE,OPEN,CLOSE,CLOSE
2/8/2022 4:06:22 PM,813,888,811,888,809,888,359,888,321,888,421,888,67,99999,52,888,CLOSE,OPEN,CLOSE,CLOSE
2/8/2022 4:06:27 PM,813,888,811,888,809,888,358,888,321,888,421,888,67,99999,52,888,CLOSE,OPEN,CLOSE,CLOSE
2/8/2022 4:06:32 PM,812,888,810,888,808,888,357,888,321,888,422,888,67,99999,53,888,CLOSE,OPEN,CLOSE,CLOSE
2/8/2022 4:06:37 PM,812,888,810,888,808,888,356,888,322,888,422,888,68,99999,52,888,CLOSE,OPEN,CLOSE,CLOSE
2/8/2022 4:06:42 PM,811,888,809,888,807,888,355,888,322,888,422,888,67,99999,53,888,CLOSE,OPEN,CLOSE,CLOSE
2/8/2022 4:06:47 PM,811,888,809,888,807,888,354,888,323,888,423,888,67,99999,53,888,CLOSE,OPEN,CLOSE,CLOSE
2/8/2022 4:06:52 PM,810,888,808,888,806,888,353,888,323,888,423,888,68,99999,52,888,CLOSE,OPEN,CLOSE,CLOSE
2/8/2022 4:06:57 PM,810,888,808,888,806,888,352,888,323,888,425,888,69,99999,52,888,CLOSE,OPEN,CLOSE,CLOSE
2/8/2022 4:07:02 PM,809,888,807,888,805,888,351,888,324,888,425,888,69,99999,53,888,CLOSE,OPEN,CLOSE,CLOSE
2/8/2022 4:07:07 PM,809,888,807,888,804,888,350,888,324,888,426,888,70,99999,53,888,CLOSE,OPEN,CLOSE,CLOSE
2/8/2022 4:07:12 PM,808,888,806,888,803,888,349,888,324,888,428,888,71,99999,52,888,CLOSE,OPEN,CLOSE,CLOSE
2/8/2022 4:07:17 PM,808,888,805,888,803,888,348,888,325,888,429,888,72,99999,53,888,CLOSE,OPEN,CLOSE,CLOSE
2/8/2022 4:07:22 PM,807,888,805,888,803,888,347,888,325,888,429,888,72,99999,53,888,CLOSE,OPEN,CLOSE,CLOSE
2/8/2022 4:07:27 PM,807,888,804,888,802,888,345,888,325,888,429,888,74,99999,53,888,CLOSE,OPEN,CLOSE,CLOSE
2/8/2022 4:07:32 PM,806,888,804,888,802,888,344,888,326,888,431,888,74,99999,54,888,CLOSE,OPEN,CLOSE,CLOSE
2/8/2022 4:07:37 PM,806,888,803,888,801,888,343,888,326,888,433,888,74,99999,53,888,CLOSE,OPEN,CLOSE,CLOSE
2/8/2022 4:07:42 PM,805,888,803,888,801,888,342,888,326,888,434,888,75,99999,53,888,CLOSE,OPEN,CLOSE,CLOSE
2/8/2022 4:07:47 PM,805,888,802,888,800,888,341,888,327,888,435,888,75,99999,54,888,CLOSE,OPEN,CLOSE,CLOSE
2/8/2022 4:07:52 PM,804,888,802,888,800,888,340,888,327,888,435,888,75,99999,54,888,CLOSE,OPEN,CLOSE,CLOSE
2/8/2022 4:07:57 PM,803,888,801,888,799,888,339,888,327,888,436,888,76,99999,54,888,CLOSE,OPEN,CLOSE,CLOSE
2/8/2022 4:08:02 PM,803,888,801,888,798,888,338,888,327,888,438,888,76,99999,54,888,CLOSE,OPEN,CLOSE,CLOSE
2/8/2022 4:08:07 PM,802,888,800,888,799,888,338,888,327,888,439,888,75,99999,54,888,CLOSE,OPEN,CLOSE,CLOSE
2/8/2022 4:08:12 PM,802,888,800,888,798,888,337,888,327,888,440,888,76,99999,54,888,CLOSE,OPEN,CLOSE,CLOSE
2/8/2022 4:08:17 PM,801,888,799,888,798,888,336,888,328,888,440,888,75,99999,54,888,CLOSE,OPEN,CLOSE,CLOSE
2/8/2022 4:08:22 PM,801,888,799,888,797,888,335,888,328,888,441,888,75,99999,54,888,CLOSE,OPEN,CLOSE,CLOSE
2/8/2022 4:08:27 PM,800,888,798,888,797,888,335,888,327,888,442,888,75,99999,54,888,CLOSE,OPEN,CLOSE,CLOSE
2/8/2022 4:08:32 PM,800,888,798,888,797,888,334,888,328,888,443,888,75,99999,54,888,CLOSE,OPEN,CLOSE,CLOSE
2/8/2022 4:08:37 PM,799,888,798,888,796,888,333,888,328,888,444,888,75,99999,54,888,CLOSE,OPEN,CLOSE,CLOSE
2/8/2022 4:08:42 PM,799,888,797,888,796,888,333,888,328,888,444,888,74,99999,54,888,CLOSE,OPEN,CLOSE,CLOSE
2/8/2022 4:08:47 PM,798,888,797,888,796,888,333,888,327,888,445,888,73,99999,55,888,CLOSE,OPEN,CLOSE,CLOSE
2/8/2022 4:08:52 PM,798,888,796,888,796,888,333,888,327,888,446,888,73,99999,54,888,CLOSE,OPEN,CLOSE,CLOSE
2/8/2022 4:08:57 PM,797,888,796,888,795,888,333,888,327,888,446,888,73,99999,55,888,CLOSE,OPEN,CLOSE,CLOSE
2/8/2022 4:09:02 PM,797,888,796,888,795,888,333,888,327,888,447,888,72,99999,54,888,CLOSE,OPEN,CLOSE,CLOSE
2/8/2022 4:09:07 PM,796,888,795,888,795,888,332,888,327,888,446,888,72,99999,54,888,CLOSE,OPEN,CLOSE,CLOSE
2/8/2022 4:09:12 PM,796,888,795,888,794,888,333,888,327,888,448,888,72,99999,54,888,CLOSE,OPEN,CLOSE,CLOSE
2/8/2022 4:09:17 PM,795,888,795,888,794,888,333,888,327,888,449,888,72,99999,55,888,CLOSE,OPEN,CLOSE,CLOSE
2/8/2022 4:09:22 PM,794,888,794,888,794,888,333,888,327,888,449,888,72,99999,54,888,CLOSE,OPEN,CLOSE,CLOSE
2/8/2022 4:09:27 PM,794,888,794,888,793,888,333,888,326,888,449,888,72,99999,55,888,CLOSE,OPEN,CLOSE,CLOSE
2/8/2022 4:09:32 PM,793,888,793,888,793,888,334,888,326,888,449,888,71,99999,55,888,CLOSE,OPEN,CLOSE,CLOSE
2/8/2022 4:09:37 PM,793,888,793,888,793,888,335,888,326,888,450,888,71,99999,55,888,CLOSE,OPEN,CLOSE,CLOSE
2/8/2022 4:09:42 PM,793,888,793,888,793,888,335,888,326,888,450,888,71,99999,55,888,CLOSE,OPEN,CLOSE,CLOSE
2/8/2022 4:09:47 PM,793,888,793,888,793,888,335,888,326,888,451,888,70,99999,54,888,CLOSE,OPEN,CLOSE,CLOSE
2/8/2022 4:09:52 PM,792,888,793,888,793,888,336,888,324,888,451,888,70,99999,55,888,CLOSE,OPEN,CLOSE,CLOSE
2/8/2022 4:09:57 PM,792,888,792,888,793,888,336,888,325,888,451,888,70,99999,55,888,CLOSE,OPEN,CLOSE,CLOSE
2/8/2022 4:10:02 PM,792,888,792,888,793,888,337,888,324,888,451,888,69,99999,54,888,CLOSE,OPEN,CLOSE,CLOSE
2/8/2022 4:10:07 PM,791,888,792,888,793,888,338,888,324,888,452,888,70,99999,55,888,CLOSE,OPEN,CLOSE,CLOSE
2/8/2022 4:10:12 PM,791,888,792,888,793,888,338,888,323,888,452,888,71,99999,55,888,CLOSE,OPEN,CLOSE,CLOSE
2/8/2022 4:10:17 PM,792,888,792,888,793,888,339,888,323,888,452,888,70,99999,55,888,CLOSE,OPEN,CLOSE,CLOSE
2/8/2022 4:10:22 PM,792,888,792,888,793,888,340,888,323,888,454,888,69,99999,55,888,CLOSE,OPEN,CLOSE,CLOSE
2/8/2022 4:10:27 PM,792,888,793,888,794,888,341,888,322,888,453,888,68,99999,55,888,CLOSE,OPEN,CLOSE,CLOSE
2/8/2022 4:10:32 PM,792,888,793,888,794,888,341,888,322,888,453,888,68,99999,55,888,CLOSE,OPEN,CLOSE,CLOSE
2/8/2022 4:10:37 PM,792,888,793,888,795,888,342,888,321,888,453,888,68,99999,55,888,CLOSE,OPEN,CLOSE,CLOSE
2/8/2022 4:10:42 PM,792,888,794,888,795,888,342,888,321,888,454,888,68,99999,55,888,CLOSE,OPEN,CLOSE,CLOSE
2/8/2022 4:10:47 PM,793,888,794,888,795,888,343,888,321,888,453,888,67,99999,55,888,CLOSE,OPEN,CLOSE,CLOSE
2/8/2022 4:10:52 PM,794,888,795,888,796,888,343,888,320,888,453,888,68,99999,55,888,CLOSE,OPEN,CLOSE,CLOSE
2/8/2022 4:10:57 PM,794,888,795,888,796,888,344,888,320,888,453,888,67,99999,55,888,CLOSE,OPEN,CLOSE,CLOSE
2/8/2022 4:11:02 PM,794,888,796,888,797,888,344,888,320,888,452,888,67,99999,55,888,CLOSE,OPEN,CLOSE,CLOSE
2/8/2022 4:11:07 PM,795,888,796,888,798,888,345,888,319,888,452,888,66,99999,55,888,CLOSE,OPEN,CLOSE,CLOSE
2/8/2022 4:11:12 PM,795,888,797,888,798,888,345,888,319,888,453,888,66,99999,54,888,CLOSE,OPEN,CLOSE,CLOSE
2/8/2022 4:11:17 PM,796,888,797,888,799,888,345,888,318,888,452,888,65,99999,54,888,CLOSE,OPEN,CLOSE,CLOSE
2/8/2022 4:11:22 PM,797,888,798,888,800,888,346,888,318,888,452,888,65,99999,55,888,CLOSE,OPEN,CLOSE,CLOSE
2/8/2022 4:11:27 PM,797,888,798,888,800,888,346,888,319,888,451,888,66,99999,54,888,CLOSE,OPEN,CLOSE,CLOSE
2/8/2022 4:11:32 PM,798,888,800,888,801,888,346,888,318,888,450,888,65,99999,55,888,CLOSE,OPEN,CLOSE,CLOSE
2/8/2022 4:11:37 PM,799,888,800,888,801,888,346,888,318,888,450,888,64,99999,55,888,CLOSE,OPEN,CLOSE,CLOSE
2/8/2022 4:11:42 PM,800,888,801,888,802,888,346,888,318,888,450,888,65,99999,55,888,CLOSE,OPEN,CLOSE,CLOSE
2/8/2022 4:11:47 PM,800,888,802,888,802,888,346,888,318,888,449,888,64,99999,55,888,CLOSE,OPEN,CLOSE,CLOSE
2/8/2022 4:11:52 PM,801,888,802,888,803,888,346,888,318,888,447,888,64,99999,55,888,CLOSE,OPEN,CLOSE,CLOSE
2/8/2022 4:11:57 PM,801,888,803,888,804,888,346,888,318,888,447,888,65,99999,55,888,CLOSE,OPEN,CLOSE,CLOSE
2/8/2022 4:12:02 PM,802,888,804,888,805,888,346,888,318,888,447,888,64,99999,55,888,CLOSE,OPEN,CLOSE,CLOSE
2/8/2022 4:12:07 PM,803,888,804,888,806,888,347,888,318,888,446,888,64,99999,55,888,CLOSE,OPEN,CLOSE,CLOSE
2/8/2022 4:12:12 PM,804,888,805,888,806,888,347,888,318,888,445,888,65,99999,55,888,CLOSE,OPEN,CLOSE,CLOSE
2/8/2022 4:12:17 PM,804,888,806,888,807,888,346,888,318,888,444,888,65,99999,55,888,CLOSE,OPEN,CLOSE,CLOSE
2/8/2022 4:12:22 PM,805,888,807,888,808,888,346,888,319,888,444,888,65,99999,55,888,CLOSE,OPEN,CLOSE,CLOSE
2/8/2022 4:12:27 PM,806,888,808,888,809,888,346,888,319,888,443,888,65,99999,55,888,CLOSE,OPEN,CLOSE,CLOSE
2/8/2022 4:12:32 PM,807,888,808,888,810,888,346,888,318,888,441,888,65,99999,56,888,CLOSE,OPEN,CLOSE,CLOSE
2/8/2022 4:12:37 PM,807,888,809,888,810,888,346,888,319,888,440,888,65,99999,55,888,CLOSE,OPEN,CLOSE,CLOSE
2/8/2022 4:12:42 PM,808,888,810,888,811,888,346,888,320,888,439,888,65,99999,55,888,CLOSE,OPEN,CLOSE,CLOSE
2/8/2022 4:12:47 PM,809,888,811,888,812,888,346,888,320,888,439,888,65,99999,55,888,CLOSE,OPEN,CLOSE,CLOSE
2/8/2022 4:12:52 PM,809,888,811,888,813,888,346,888,320,888,437,888,65,99999,55,888,CLOSE,OPEN,CLOSE,CLOSE
2/8/2022 4:12:57 PM,810,888,812,888,813,888,345,888,321,888,436,888,65,99999,55,888,CLOSE,OPEN,CLOSE,CLOSE
2/8/2022 4:13:02 PM,811,888,812,888,814,888,345,888,321,888,437,888,65,99999,55,888,CLOSE,OPEN,CLOSE,CLOSE
2/8/2022 4:13:07 PM,811,888,813,888,814,888,345,888,322,888,436,888,65,99999,55,888,CLOSE,OPEN,CLOSE,CLOSE
2/8/2022 4:13:12 PM,812,888,813,888,815,888,344,888,322,888,436,888,65,99999,55,888,CLOSE,OPEN,CLOSE,CLOSE
2/8/2022 4:13:17 PM,813,888,814,888,815,888,344,888,322,888,434,888,65,99999,55,888,CLOSE,OPEN,CLOSE,CLOSE
2/8/2022 4:13:22 PM,813,888,814,888,816,888,344,888,323,888,434,888,65,99999,55,888,CLOSE,OPEN,CLOSE,CLOSE
2/8/2022 4:13:27 PM,813,888,815,888,816,888,343,888,323,888,434,888,64,99999,54,888,CLOSE,OPEN,CLOSE,CLOSE
2/8/2022 4:13:32 PM,814,888,815,888,816,888,343,888,323,888,434,888,65,99999,55,888,CLOSE,OPEN,CLOSE,CLOSE
2/8/2022 4:13:37 PM,814,888,815,888,816,888,342,888,324,888,434,888,65,99999,55,888,CLOSE,OPEN,CLOSE,CLOSE
2/8/2022 4:13:42 PM,814,888,815,888,816,888,341,888,324,888,435,888,65,99999,56,888,CLOSE,OPEN,CLOSE,CLOSE
2/8/2022 4:13:47 PM,814,888,815,888,816,888,341,888,325,888,435,888,65,99999,55,888,CLOSE,OPEN,CLOSE,CLOSE
2/8/2022 4:13:52 PM,814,888,815,888,816,888,340,888,324,888,435,888,64,99999,55,888,CLOSE,OPEN,CLOSE,CLOSE
2/8/2022 4:13:57 PM,814,888,815,888,816,888,339,888,325,888,435,888,65,99999,55,888,CLOSE,OPEN,CLOSE,CLOSE
2/8/2022 4:14:02 PM,814,888,815,888,816,888,338,888,326,888,436,888,65,99999,55,888,CLOSE,OPEN,CLOSE,CLOSE
2/8/2022 4:14:07 PM,814,888,815,888,816,888,338,888,326,888,435,888,66,99999,56,888,CLOSE,OPEN,CLOSE,CLOSE
2/8/2022 4:14:12 PM,813,888,814,888,815,888,337,888,326,888,436,888,66,99999,56,888,CLOSE,OPEN,CLOSE,CLOSE
2/8/2022 4:14:17 PM,813,888,814,888,814,888,336,888,327,888,437,888,66,99999,55,888,CLOSE,OPEN,CLOSE,CLOSE
2/8/2022 4:14:22 PM,813,888,814,888,814,888,335,888,327,888,437,888,67,99999,55,888,CLOSE,OPEN,CLOSE,CLOSE
2/8/2022 4:14:27 PM,813,888,813,888,814,888,335,888,327,888,438,888,68,99999,56,888,CLOSE,OPEN,CLOSE,CLOSE
2/8/2022 4:14:32 PM,813,888,813,888,813,888,334,888,327,888,438,888,68,99999,56,888,CLOSE,OPEN,CLOSE,CLOSE
2/8/2022 4:14:37 PM,812,888,813,888,813,888,333,888,328,888,440,888,69,99999,56,888,CLOSE,OPEN,CLOSE,CLOSE
2/8/2022 4:14:42 PM,812,888,813,888,813,888,332,888,328,888,441,888,70,99999,55,888,CLOSE,OPEN,CLOSE,CLOSE
2/8/2022 4:14:47 PM,812,888,812,888,812,888,331,888,328,888,442,888,71,99999,56,888,CLOSE,OPEN,CLOSE,CLOSE
2/8/2022 4:14:52 PM,811,888,811,888,811,888,330,888,329,888,444,888,71,99999,55,888,CLOSE,OPEN,CLOSE,CLOSE
2/8/2022 4:14:57 PM,811,888,811,888,811,888,329,888,329,888,445,888,72,99999,56,888,CLOSE,OPEN,CLOSE,CLOSE
2/8/2022 4:15:02 PM,810,888,810,888,810,888,328,888,329,888,446,888,73,99999,56,888,CLOSE,OPEN,CLOSE,CLOSE
2/8/2022 4:15:07 PM,810,888,810,888,809,888,327,888,329,888,447,888,74,99999,56,888,CLOSE,OPEN,CLOSE,CLOSE
2/8/2022 4:15:12 PM,809,888,809,888,809,888,326,888,330,888,448,888,75,99999,56,888,CLOSE,OPEN,CLOSE,CLOSE
2/8/2022 4:15:17 PM,809,888,809,888,809,888,325,888,330,888,448,888,75,99999,57,888,CLOSE,OPEN,CLOSE,CLOSE
2/8/2022 4:15:22 PM,808,888,808,888,808,888,324,888,330,888,450,888,75,99999,56,888,CLOSE,OPEN,CLOSE,CLOSE
2/8/2022 4:15:27 PM,808,888,807,888,807,888,324,888,330,888,451,888,75,99999,56,888,CLOSE,OPEN,CLOSE,CLOSE
2/8/2022 4:15:32 PM,807,888,807,888,807,888,323,888,329,888,451,888,75,99999,56,888,CLOSE,OPEN,CLOSE,CLOSE
2/8/2022 4:15:37 PM,807,888,807,888,807,888,322,888,330,888,452,888,75,99999,56,888,CLOSE,OPEN,CLOSE,CLOSE
2/8/2022 4:15:42 PM,806,888,806,888,806,888,321,888,330,888,453,888,75,99999,56,888,CLOSE,OPEN,CLOSE,CLOSE
2/8/2022 4:15:47 PM,806,888,806,888,806,888,321,888,329,888,454,888,75,99999,57,888,CLOSE,OPEN,CLOSE,CLOSE
2/8/2022 4:15:52 PM,805,888,805,888,806,888,321,888,330,888,456,888,75,99999,57,888,CLOSE,OPEN,CLOSE,CLOSE
2/8/2022 4:15:57 PM,805,888,805,888,805,888,320,888,330,888,456,888,75,99999,57,888,CLOSE,OPEN,CLOSE,CLOSE
2/8/2022 4:16:02 PM,804,888,804,888,805,888,320,888,330,888,457,888,74,99999,57,888,CLOSE,OPEN,CLOSE,CLOSE
2/8/2022 4:16:07 PM,804,888,804,888,804,888,320,888,330,888,458,888,74,99999,57,888,CLOSE,OPEN,CLOSE,CLOSE
2/8/2022 4:16:12 PM,803,888,804,888,804,888,320,888,330,888,457,888,74,99999,57,888,CLOSE,OPEN,CLOSE,CLOSE
2/8/2022 4:16:17 PM,803,888,803,888,804,888,319,888,329,888,459,888,74,99999,57,888,CLOSE,OPEN,CLOSE,CLOSE
2/8/2022 4:16:22 PM,802,888,802,888,803,888,319,888,329,888,458,888,74,99999,57,888,CLOSE,OPEN,CLOSE,CLOSE
2/8/2022 4:16:27 PM,801,888,802,888,803,888,319,888,329,888,460,888,74,99999,56,888,CLOSE,OPEN,CLOSE,CLOSE
2/8/2022 4:16:32 PM,801,888,802,888,803,888,319,888,329,888,460,888,73,99999,57,888,CLOSE,OPEN,CLOSE,CLOSE
2/8/2022 4:16:37 PM,801,888,802,888,803,888,319,888,329,888,461,888,73,99999,57,888,CLOSE,OPEN,CLOSE,CLOSE
2/8/2022 4:16:42 PM,800,888,801,888,802,888,319,888,329,888,462,888,72,99999,57,888,CLOSE,OPEN,CLOSE,CLOSE
2/8/2022 4:16:47 PM,799,888,801,888,802,888,320,888,329,888,462,888,72,99999,57,888,CLOSE,OPEN,CLOSE,CLOSE
2/8/2022 4:16:52 PM,799,888,800,888,802,888,320,888,328,888,462,888,72,99999,58,888,CLOSE,OPEN,CLOSE,CLOSE
2/8/2022 4:16:57 PM,798,888,800,888,801,888,320,888,328,888,462,888,72,99999,57,888,CLOSE,OPEN,CLOSE,CLOSE
2/8/2022 4:17:02 PM,798,888,799,888,801,888,320,888,327,888,463,888,71,99999,57,888,CLOSE,OPEN,CLOSE,CLOSE
2/8/2022 4:17:07 PM,797,888,799,888,800,888,320,888,327,888,464,888,72,99999,57,888,CLOSE,OPEN,CLOSE,CLOSE
2/8/2022 4:17:12 PM,797,888,798,888,800,888,322,888,327,888,465,888,71,99999,57,888,CLOSE,OPEN,CLOSE,CLOSE
2/8/2022 4:17:17 PM,796,888,798,888,800,888,323,888,326,888,465,888,71,99999,57,888,CLOSE,OPEN,CLOSE,CLOSE
2/8/2022 4:17:22 PM,796,888,798,888,800,888,323,888,326,888,464,888,71,99999,57,888,CLOSE,OPEN,CLOSE,CLOSE
2/8/2022 4:17:27 PM,795,888,797,888,799,888,323,888,325,888,465,888,71,99999,57,888,CLOSE,OPEN,CLOSE,CLOSE
2/8/2022 4:17:32 PM,795,888,797,888,799,888,324,888,325,888,466,888,71,99999,57,888,CLOSE,OPEN,CLOSE,CLOSE
2/8/2022 4:17:37 PM,794,888,796,888,799,888,325,888,325,888,465,888,71,99999,57,888,CLOSE,OPEN,CLOSE,CLOSE
2/8/2022 4:17:42 PM,794,888,796,888,798,888,326,888,324,888,465,888,70,99999,57,888,CLOSE,OPEN,CLOSE,CLOSE
2/8/2022 4:17:47 PM,793,888,796,888,798,888,326,888,324,888,467,888,70,99999,57,888,CLOSE,OPEN,CLOSE,CLOSE
2/8/2022 4:17:52 PM,793,888,795,888,798,888,327,888,323,888,466,888,70,99999,57,888,CLOSE,OPEN,CLOSE,CLOSE
2/8/2022 4:17:57 PM,793,888,795,888,797,888,328,888,323,888,467,888,70,99999,57,888,CLOSE,OPEN,CLOSE,CLOSE
2/8/2022 4:18:02 PM,792,888,794,888,797,888,329,888,322,888,467,888,68,99999,57,888,CLOSE,OPEN,CLOSE,CLOSE
2/8/2022 4:18:07 PM,792,888,794,888,797,888,329,888,322,888,466,888,69,99999,57,888,CLOSE,OPEN,CLOSE,CLOSE
2/8/2022 4:18:12 PM,791,888,794,888,797,888,330,888,321,888,466,888,68,99999,57,888,CLOSE,OPEN,CLOSE,CLOSE
2/8/2022 4:18:17 PM,791,888,793,888,796,888,330,888,320,888,466,888,68,99999,57,888,CLOSE,OPEN,CLOSE,CLOSE
2/8/2022 4:18:22 PM,791,888,793,888,795,888,330,888,320,888,466,888,67,99999,57,888,CLOSE,OPEN,CLOSE,CLOSE
2/8/2022 4:18:27 PM,790,888,793,888,795,888,331,888,321,888,467,888,68,99999,57,888,CLOSE,OPEN,CLOSE,CLOSE
2/8/2022 4:18:32 PM,790,888,793,888,795,888,332,888,320,888,467,888,68,99999,56,888,CLOSE,OPEN,CLOSE,CLOSE
2/8/2022 4:18:37 PM,790,888,793,888,796,888,333,888,320,888,466,888,66,99999,57,888,CLOSE,OPEN,CLOSE,CLOSE
2/8/2022 4:18:42 PM,790,888,793,888,796,888,333,888,319,888,466,888,66,99999,57,888,CLOSE,OPEN,CLOSE,CLOSE
2/8/2022 4:18:47 PM,790,888,793,888,795,888,333,888,318,888,465,888,66,99999,57,888,CLOSE,OPEN,CLOSE,CLOSE
2/8/2022 4:18:52 PM,790,888,793,888,796,888,334,888,318,888,465,888,66,99999,56,888,CLOSE,OPEN,CLOSE,CLOSE
2/8/2022 4:18:57 PM,790,888,793,888,795,888,334,888,318,888,464,888,65,99999,57,888,CLOSE,OPEN,CLOSE,CLOSE
2/8/2022 4:19:02 PM,790,888,793,888,795,888,334,888,318,888,463,888,65,99999,57,888,CLOSE,OPEN,CLOSE,CLOSE
2/8/2022 4:19:07 PM,790,888,793,888,795,888,334,888,319,888,464,888,65,99999,57,888,CLOSE,OPEN,CLOSE,CLOSE
2/8/2022 4:19:12 PM,790,888,793,888,796,888,334,888,318,888,463,888,65,99999,57,888,CLOSE,OPEN,CLOSE,CLOSE
2/8/2022 4:19:17 PM,791,888,794,888,796,888,335,888,317,888,462,888,65,99999,57,888,CLOSE,OPEN,CLOSE,CLOSE
2/8/2022 4:19:22 PM,791,888,794,888,797,888,335,888,318,888,462,888,65,99999,56,888,CLOSE,OPEN,CLOSE,CLOSE
2/8/2022 4:19:27 PM,791,888,794,888,797,888,335,888,318,888,461,888,64,99999,57,888,CLOSE,OPEN,CLOSE,CLOSE
2/8/2022 4:19:32 PM,792,888,795,888,798,888,335,888,318,888,459,888,65,99999,56,888,CLOSE,OPEN,CLOSE,CLOSE
2/8/2022 4:19:37 PM,792,888,795,888,798,888,334,888,318,888,459,888,65,99999,56,888,CLOSE,OPEN,CLOSE,CLOSE
2/8/2022 4:19:42 PM,792,888,796,888,799,888,335,888,318,888,459,888,65,99999,56,888,CLOSE,OPEN,CLOSE,CLOSE
2/8/2022 4:19:47 PM,793,888,796,888,799,888,335,888,318,888,458,888,64,99999,56,888,CLOSE,OPEN,CLOSE,CLOSE
2/8/2022 4:19:52 PM,794,888,797,888,800,888,335,888,318,888,456,888,65,99999,56,888,CLOSE,OPEN,CLOSE,CLOSE
2/8/2022 4:19:57 PM,794,888,797,888,800,888,335,888,318,888,456,888,64,99999,57,888,CLOSE,OPEN,CLOSE,CLOSE
2/8/2022 4:20:02 PM,795,888,798,888,801,888,335,888,319,888,455,888,65,99999,56,888,CLOSE,OPEN,CLOSE,CLOSE
2/8/2022 4:20:07 PM,795,888,798,888,801,888,335,888,319,888,453,888,65,99999,57,888,CLOSE,OPEN,CLOSE,CLOSE
2/8/2022 4:20:12 PM,796,888,799,888,802,888,335,888,319,888,453,888,65,99999,56,888,CLOSE,OPEN,CLOSE,CLOSE
2/8/2022 4:20:17 PM,797,888,800,888,803,888,335,888,319,888,451,888,65,99999,57,888,CLOSE,OPEN,CLOSE,CLOSE
2/8/2022 4:20:22 PM,797,888,800,888,803,888,335,888,320,888,451,888,65,99999,57,888,CLOSE,OPEN,CLOSE,CLOSE
2/8/2022 4:20:27 PM,798,888,801,888,804,888,335,888,321,888,450,888,65,99999,57,888,CLOSE,OPEN,CLOSE,CLOSE
2/8/2022 4:20:32 PM,799,888,802,888,805,888,334,888,320,888,449,888,65,99999,56,888,CLOSE,OPEN,CLOSE,CLOSE
2/8/2022 4:20:37 PM,800,888,803,888,806,888,334,888,320,888,449,888,66,99999,57,888,CLOSE,OPEN,CLOSE,CLOSE
2/8/2022 4:20:42 PM,800,888,803,888,806,888,333,888,321,888,448,888,65,99999,57,888,CLOSE,OPEN,CLOSE,CLOSE
2/8/2022 4:20:47 PM,801,888,804,888,807,888,333,888,321,888,448,888,65,99999,56,888,CLOSE,OPEN,CLOSE,CLOSE
2/8/2022 4:20:52 PM,801,888,805,888,808,888,332,888,322,888,450,888,65,99999,56,888,CLOSE,OPEN,CLOSE,CLOSE
2/8/2022 4:20:57 PM,802,888,806,888,809,888,332,888,322,888,448,888,65,99999,56,888,CLOSE,OPEN,CLOSE,CLOSE
2/8/2022 4:21:02 PM,803,888,806,888,809,888,332,888,323,888,448,888,64,99999,56,888,CLOSE,OPEN,CLOSE,CLOSE
2/8/2022 4:21:07 PM,804,888,807,888,810,888,332,888,323,888,448,888,65,99999,57,888,CLOSE,OPEN,CLOSE,CLOSE
2/8/2022 4:21:12 PM,804,888,808,888,811,888,331,888,323,888,448,888,64,99999,57,888,CLOSE,OPEN,CLOSE,CLOSE
2/8/2022 4:21:17 PM,805,888,808,888,812,888,330,888,324,888,447,888,65,99999,56,888,CLOSE,OPEN,CLOSE,CLOSE
2/8/2022 4:21:22 PM,806,888,809,888,813,888,330,888,324,888,448,888,65,99999,57,888,CLOSE,OPEN,CLOSE,CLOSE
2/8/2022 4:21:27 PM,807,888,810,888,813,888,329,888,324,888,449,888,65,99999,56,888,CLOSE,OPEN,CLOSE,CLOSE
2/8/2022 4:21:32 PM,807,888,811,888,814,888,328,888,324,888,448,888,66,99999,56,888,CLOSE,OPEN,CLOSE,CLOSE
2/8/2022 4:21:37 PM,808,888,811,888,814,888,328,888,325,888,449,888,66,99999,56,888,CLOSE,OPEN,CLOSE,CLOSE
2/8/2022 4:21:42 PM,808,888,812,888,815,888,327,888,325,888,449,888,66,99999,57,888,CLOSE,OPEN,CLOSE,CLOSE
2/8/2022 4:21:47 PM,809,888,812,888,816,888,326,888,325,888,450,888,67,99999,56,888,CLOSE,OPEN,CLOSE,CLOSE
2/8/2022 4:21:52 PM,809,888,813,888,816,888,325,888,325,888,450,888,68,99999,56,888,CLOSE,OPEN,CLOSE,CLOSE
2/8/2022 4:21:57 PM,810,888,813,888,816,888,324,888,325,888,451,888,68,99999,56,888,CLOSE,OPEN,CLOSE,CLOSE
2/8/2022 4:22:02 PM,810,888,813,888,816,888,324,888,326,888,452,888,69,99999,56,888,CLOSE,OPEN,CLOSE,CLOSE
2/8/2022 4:22:07 PM,810,888,813,888,816,888,323,888,326,888,453,888,69,99999,57,888,CLOSE,OPEN,CLOSE,CLOSE
2/8/2022 4:22:12 PM,811,888,814,888,817,888,322,888,327,888,455,888,70,99999,57,888,CLOSE,OPEN,CLOSE,CLOSE
2/8/2022 4:22:17 PM,811,888,814,888,817,888,321,888,326,888,455,888,71,99999,57,888,CLOSE,OPEN,CLOSE,CLOSE
2/8/2022 4:22:22 PM,811,888,814,888,817,888,320,888,327,888,456,888,72,99999,57,888,CLOSE,OPEN,CLOSE,CLOSE
2/8/2022 4:22:27 PM,811,888,814,888,817,888,319,888,327,888,458,888,73,99999,57,888,CLOSE,OPEN,CLOSE,CLOSE
2/8/2022 4:22:32 PM,811,888,814,888,816,888,318,888,327,888,458,888,74,99999,57,888,CLOSE,OPEN,CLOSE,CLOSE
2/8/2022 4:22:37 PM,811,888,814,888,816,888,318,888,327,888,460,888,75,99999,57,888,CLOSE,OPEN,CLOSE,CLOSE
2/8/2022 4:22:42 PM,811,888,813,888,816,888,316,888,327,888,461,888,75,99999,57,888,CLOSE,OPEN,CLOSE,CLOSE
2/8/2022 4:22:47 PM,811,888,813,888,816,888,316,888,328,888,462,888,75,99999,57,888,CLOSE,OPEN,CLOSE,CLOSE
2/8/2022 4:22:52 PM,810,888,813,888,816,888,315,888,327,888,463,888,76,99999,58,888,CLOSE,OPEN,CLOSE,CLOSE
2/8/2022 4:22:57 PM,810,888,813,888,816,888,314,888,328,888,465,888,76,99999,57,888,CLOSE,OPEN,CLOSE,CLOSE
2/8/2022 4:23:02 PM,810,888,812,888,815,888,313,888,328,888,465,888,76,99999,57,888,CLOSE,OPEN,CLOSE,CLOSE
2/8/2022 4:23:07 PM,809,888,812,888,815,888,313,888,328,888,466,888,76,99999,57,888,CLOSE,OPEN,CLOSE,CLOSE
2/8/2022 4:23:12 PM,809,888,812,888,815,888,313,888,328,888,467,888,76,99999,57,888,CLOSE,OPEN,CLOSE,CLOSE
2/8/2022 4:23:17 PM,809,888,812,888,814,888,312,888,328,888,468,888,76,99999,58,888,CLOSE,OPEN,CLOSE,CLOSE
2/8/2022 4:23:22 PM,809,888,812,888,815,888,312,888,328,888,468,888,76,99999,58,888,CLOSE,OPEN,CLOSE,CLOSE
2/8/2022 4:23:27 PM,808,888,811,888,814,888,311,888,328,888,469,888,76,99999,57,888,CLOSE,OPEN,CLOSE,CLOSE
2/8/2022 4:23:32 PM,808,888,811,888,814,888,311,888,328,888,470,888,76,99999,57,888,CLOSE,OPEN,CLOSE,CLOSE
2/8/2022 4:23:37 PM,807,888,811,888,814,888,311,888,328,888,471,888,76,99999,57,888,CLOSE,OPEN,CLOSE,CLOSE
2/8/2022 4:23:42 PM,807,888,810,888,814,888,309,888,328,888,472,888,75,99999,58,888,CLOSE,OPEN,CLOSE,CLOSE
2/8/2022 4:23:47 PM,807,888,810,888,813,888,310,888,328,888,473,888,75,99999,58,888,CLOSE,OPEN,CLOSE,CLOSE
2/8/2022 4:23:52 PM,806,888,810,888,813,888,310,888,327,888,473,888,74,99999,58,888,CLOSE,OPEN,CLOSE,CLOSE
2/8/2022 4:23:57 PM,806,888,809,888,813,888,309,888,327,888,474,888,75,99999,58,888,CLOSE,OPEN,CLOSE,CLOSE
2/8/2022 4:24:02 PM,805,888,809,888,812,888,309,888,327,888,474,888,74,99999,58,888,CLOSE,OPEN,CLOSE,CLOSE
2/8/2022 4:24:07 PM,805,888,809,888,812,888,310,888,327,888,474,888,74,99999,58,888,CLOSE,OPEN,CLOSE,CLOSE
2/8/2022 4:24:12 PM,804,888,808,888,812,888,310,888,327,888,475,888,74,99999,59,888,CLOSE,OPEN,CLOSE,CLOSE
2/8/2022 4:24:17 PM,804,888,808,888,811,888,310,888,326,888,475,888,73,99999,58,888,CLOSE,OPEN,CLOSE,CLOSE
2/8/2022 4:24:22 PM,803,888,807,888,811,888,310,888,326,888,476,888,72,99999,58,888,CLOSE,OPEN,CLOSE,CLOSE
2/8/2022 4:24:27 PM,803,888,807,888,810,888,311,888,326,888,476,888,72,99999,58,888,CLOSE,OPEN,CLOSE,CLOSE
2/8/2022 4:24:32 PM,803,888,806,888,810,888,311,888,325,888,477,888,72,99999,58,888,CLOSE,OPEN,CLOSE,CLOSE
2/8/2022 4:24:37 PM,802,888,806,888,810,888,312,888,325,888,477,888,72,99999,58,888,CLOSE,OPEN,CLOSE,CLOSE
2/8/2022 4:24:42 PM,801,888,806,888,809,888,313,888,325,888,478,888,72,99999,57,888,CLOSE,OPEN,CLOSE,CLOSE
2/8/2022 4:24:47 PM,801,888,805,888,809,888,313,888,324,888,478,888,71,99999,58,888,CLOSE,OPEN,CLOSE,CLOSE
2/8/2022 4:24:52 PM,800,888,805,888,809,888,314,888,324,888,479,888,72,99999,58,888,CLOSE,OPEN,CLOSE,CLOSE
2/8/2022 4:24:57 PM,800,888,804,888,808,888,314,888,323,888,479,888,72,99999,57,888,CLOSE,OPEN,CLOSE,CLOSE
2/8/2022 4:25:02 PM,799,888,804,888,808,888,315,888,323,888,479,888,71,99999,58,888,CLOSE,OPEN,CLOSE,CLOSE
2/8/2022 4:25:07 PM,799,888,803,888,807,888,316,888,322,888,478,888,71,99999,58,888,CLOSE,OPEN,CLOSE,CLOSE
2/8/2022 4:25:12 PM,798,888,803,888,807,888,317,888,322,888,479,888,71,99999,58,888,CLOSE,OPEN,CLOSE,CLOSE
2/8/2022 4:25:17 PM,798,888,802,888,807,888,318,888,321,888,480,888,71,99999,57,888,CLOSE,OPEN,CLOSE,CLOSE
2/8/2022 4:25:22 PM,797,888,802,888,807,888,318,888,321,888,481,888,70,99999,58,888,CLOSE,OPEN,CLOSE,CLOSE
2/8/2022 4:25:27 PM,797,888,801,888,805,888,319,888,321,888,480,888,70,99999,58,888,CLOSE,OPEN,CLOSE,CLOSE
2/8/2022 4:25:32 PM,797,888,801,888,806,888,320,888,320,888,480,888,70,99999,58,888,CLOSE,OPEN,CLOSE,CLOSE
2/8/2022 4:25:37 PM,796,888,801,888,806,888,320,888,320,888,480,888,69,99999,58,888,CLOSE,OPEN,CLOSE,CLOSE
2/8/2022 4:25:42 PM,796,888,800,888,805,888,321,888,319,888,480,888,69,99999,58,888,CLOSE,OPEN,CLOSE,CLOSE
2/8/2022 4:25:47 PM,795,888,800,888,805,888,321,888,319,888,481,888,69,99999,58,888,CLOSE,OPEN,CLOSE,CLOSE
2/8/2022 4:25:52 PM,795,888,800,888,804,888,321,888,319,888,480,888,68,99999,58,888,CLOSE,OPEN,CLOSE,CLOSE
2/8/2022 4:25:57 PM,795,888,799,888,804,888,322,888,318,888,479,888,68,99999,57,888,CLOSE,OPEN,CLOSE,CLOSE
2/8/2022 4:26:02 PM,794,888,799,888,803,888,323,888,318,888,480,888,67,99999,57,888,CLOSE,OPEN,CLOSE,CLOSE
2/8/2022 4:26:07 PM,794,888,798,888,803,888,323,888,317,888,479,888,67,99999,57,888,CLOSE,OPEN,CLOSE,CLOSE
2/8/2022 4:26:12 PM,794,888,798,888,803,888,323,888,317,888,479,888,66,99999,57,888,CLOSE,OPEN,CLOSE,CLOSE
2/8/2022 4:27:30 PM,789,888,794,888,798,888,326,888,316,888,468,888,65,99999,57,888,CLOSE,OPEN,CLOSE,CLOSE
2/8/2022 4:27:35 PM,789,888,794,888,798,888,326,888,316,888,467,888,65,99999,57,888,CLOSE,OPEN,CLOSE,CLOSE
2/8/2022 4:27:40 PM,789,888,794,888,798,888,325,888,316,888,465,888,65,99999,57,888,CLOSE,OPEN,CLOSE,CLOSE
2/8/2022 4:27:45 PM,789,888,793,888,798,888,326,888,317,888,465,888,65,99999,57,888,CLOSE,OPEN,CLOSE,CLOSE
2/8/2022 4:27:50 PM,789,888,793,888,797,888,325,888,317,888,464,888,66,99999,57,888,CLOSE,OPEN,CLOSE,CLOSE
2/8/2022 4:27:55 PM,789,888,793,888,798,888,325,888,317,888,463,888,65,99999,57,888,CLOSE,OPEN,CLOSE,CLOSE
2/8/2022 4:28:00 PM,789,888,793,888,797,888,325,888,318,888,463,888,65,99999,57,888,CLOSE,OPEN,CLOSE,CLOSE
2/8/2022 4:45:15 PM,801,888,796,888,792,888,292,888,318,888,500,888,78,99999,58,888,CLOSE,OPEN,CLOSE,CLOSE
2/8/2022 4:45:20 PM,800,888,796,888,791,888,292,888,318,888,501,888,79,99999,58,888,CLOSE,OPEN,CLOSE,CLOSE
2/8/2022 4:45:25 PM,800,888,795,888,791,888,291,888,318,888,501,888,79,99999,58,888,CLOSE,OPEN,CLOSE,CLOSE
2/8/2022 4:45:30 PM,799,888,795,888,791,888,291,888,318,888,502,888,79,99999,59,888,CLOSE,OPEN,CLOSE,CLOSE
2/8/2022 4:45:35 PM,798,888,794,888,790,888,290,888,318,888,502,888,79,99999,58,888,CLOSE,OPEN,CLOSE,CLOSE
2/8/2022 4:52:34 PM,807,888,805,888,802,888,290,888,319,888,496,888,71,99999,58,888,CLOSE,OPEN,CLOSE,CLOSE
2/8/2022 4:52:39 PM,807,888,804,888,802,888,288,888,319,888,496,888,71,99999,58,888,CLOSE,OPEN,CLOSE,CLOSE
2/8/2022 4:52:44 PM,806,888,804,888,801,888,288,888,320,888,498,888,71,99999,57,888,CLOSE,OPEN,CLOSE,CLOSE
2/8/2022 4:52:49 PM,806,888,803,888,801,888,288,888,320,888,498,888,71,99999,58,888,CLOSE,OPEN,CLOSE,CLOSE
2/8/2022 4:52:54 PM,805,888,803,888,801,888,287,888,320,888,498,888,71,99999,58,888,CLOSE,OPEN,CLOSE,CLOSE
2/8/2022 4:52:59 PM,804,888,802,888,800,888,286,888,320,888,500,888,71,99999,57,888,CLOSE,OPEN,CLOSE,CLOSE
2/8/2022 4:53:04 PM,804,888,802,888,800,888,286,888,320,888,500,888,70,99999,58,888,CLOSE,OPEN,CLOSE,CLOSE
2/8/2022 4:53:09 PM,803,888,801,888,799,888,286,888,321,888,501,888,71,99999,57,888,CLOSE,OPEN,CLOSE,CLOSE
2/8/2022 4:55:11 PM,792,888,792,888,793,888,293,888,320,888,506,888,65,99999,58,888,CLOSE,CLOSE,CLOSE,CLOSE
2/8/2022 4:55:16 PM,792,888,792,888,793,888,293,888,319,888,506,888,65,99999,57,888,CLOSE,CLOSE,CLOSE,CLOSE
2/8/2022 4:55:21 PM,792,888,793,888,793,888,293,888,319,888,505,888,65,99999,58,888,CLOSE,OPEN,OPEN,CLOSE
2/8/2022 4:55:26 PM,792,888,792,888,793,888,294,888,319,888,505,888,65,99999,57,888,CLOSE,OPEN,OPEN,CLOSE
2/8/2022 4:55:31 PM,792,888,793,888,793,888,294,888,319,888,505,888,64,99999,58,888,CLOSE,OPEN,OPEN,CLOSE
2/8/2022 4:55:36 PM,792,888,793,888,794,888,295,888,318,888,505,888,64,99999,57,888,CLOSE,OPEN,OPEN,CLOSE
2/8/2022 4:56:40 PM,798,888,799,888,800,888,297,888,320,888,495,888,63,99999,57,888,CLOSE,CLOSE,CLOSE,CLOSE
2/8/2022 4:56:45 PM,798,888,800,888,800,888,297,888,320,888,493,888,64,99999,57,888,CLOSE,OPEN,OPEN,CLOSE
2/8/2022 4:56:50 PM,799,888,800,888,801,888,297,888,321,888,493,888,64,99999,57,888,CLOSE,OPEN,OPEN,CLOSE
2/8/2022 4:56:55 PM,800,888,801,888,802,888,297,888,321,888,492,888,65,99999,57,888,CLOSE,OPEN,OPEN,CLOSE
2/8/2022 4:57:06 PM,801,888,802,888,804,888,297,888,322,888,489,888,66,99999,56,888,CLOSE,CLOSE,CLOSE,CLOSE
2/8/2022 4:57:13 PM,802,888,803,888,804,888,297,888,323,888,488,888,65,99999,57,888,CLOSE,OPEN,OPEN,CLOSE
2/8/2022 4:59:12 PM,814,888,815,888,816,888,285,888,339,888,478,888,69,99999,57,888,CLOSE,CLOSE,CLOSE,CLOSE
2/8/2022 4:59:17 PM,814,888,815,888,816,888,286,888,339,888,477,888,70,99999,57,888,CLOSE,OPEN,OPEN,CLOSE
2/8/2022 4:59:27 PM,813,888,814,888,815,888,283,888,341,888,479,888,70,99999,57,888,CLOSE,CLOSE,CLOSE,CLOSE
2/8/2022 4:59:32 PM,813,888,814,888,815,888,283,888,341,888,480,888,71,99999,57,888,CLOSE,CLOSE,CLOSE,CLOSE
2/8/2022 4:59:37 PM,813,888,814,888,814,888,282,888,342,888,480,888,71,99999,57,888,CLOSE,OPEN,OPEN,CLOSE
2/8/2022 4:59:42 PM,813,888,813,888,814,888,282,888,342,888,480,888,71,99999,57,888,CLOSE,OPEN,OPEN,CLOSE
2/8/2022 4:59:47 PM,812,888,813,888,813,888,281,888,343,888,481,888,71,99999,58,888,CLOSE,OPEN,OPEN,CLOSE
2/8/2022 5:01:34 PM,802,888,804,888,807,888,281,888,346,888,490,888,66,99999,57,888,CLOSE,OPEN,CLOSE,CLOSE
2/8/2022 5:04:32 PM,790,888,793,888,796,888,288,888,353,888,464,888,70,99999,57,888,CLOSE,OPEN,CLOSE,CLOSE
2/8/2022 5:04:37 PM,791,888,793,888,795,888,287,888,354,888,462,888,70,99999,57,888,CLOSE,OPEN,CLOSE,CLOSE
2/8/2022 5:04:42 PM,790,888,793,888,796,888,287,888,354,888,461,888,70,99999,57,888,CLOSE,OPEN,CLOSE,CLOSE
2/8/2022 5:04:47 PM,791,888,793,888,795,888,286,888,355,888,460,888,70,99999,57,888,CLOSE,OPEN,CLOSE,CLOSE
2/8/2022 5:04:52 PM,791,888,793,888,796,888,286,888,356,888,459,888,70,99999,57,888,CLOSE,OPEN,CLOSE,CLOSE
2/8/2022 5:04:57 PM,791,888,793,888,796,888,286,888,357,888,458,888,71,99999,57,888,CLOSE,OPEN,CLOSE,CLOSE
2/8/2022 5:05:02 PM,791,888,794,888,796,888,285,888,358,888,457,888,71,99999,57,888,CLOSE,OPEN,CLOSE,CLOSE
2/8/2022 5:05:07 PM,792,888,794,888,796,888,285,888,358,888,456,888,71,99999,57,888,CLOSE,OPEN,CLOSE,CLOSE
2/8/2022 5:05:12 PM,792,888,794,888,796,888,285,888,360,888,456,888,71,99999,57,888,CLOSE,OPEN,CLOSE,CLOSE
2/8/2022 5:05:17 PM,792,888,794,888,797,888,284,888,360,888,455,888,70,99999,58,888,CLOSE,OPEN,CLOSE,CLOSE
2/8/2022 5:05:22 PM,793,888,795,888,796,888,284,888,360,888,455,888,70,99999,57,888,CLOSE,OPEN,CLOSE,CLOSE
2/8/2022 5:05:27 PM,794,888,795,888,797,888,283,888,362,888,454,888,70,99999,57,888,CLOSE,OPEN,CLOSE,CLOSE
2/8/2022 5:05:32 PM,794,888,796,888,797,888,282,888,362,888,455,888,70,99999,57,888,CLOSE,OPEN,CLOSE,CLOSE
2/8/2022 5:05:37 PM,795,888,796,888,798,888,282,888,363,888,454,888,70,99999,57,888,CLOSE,OPEN,CLOSE,CLOSE
2/8/2022 5:05:42 PM,795,888,797,888,798,888,282,888,364,888,456,888,70,99999,57,888,CLOSE,OPEN,CLOSE,CLOSE
2/8/2022 5:05:47 PM,795,888,797,888,799,888,281,888,365,888,455,888,70,99999,57,888,CLOSE,OPEN,CLOSE,CLOSE
2/8/2022 5:05:52 PM,796,888,798,888,799,888,280,888,366,888,455,888,71,99999,57,888,CLOSE,OPEN,CLOSE,CLOSE
2/8/2022 5:05:57 PM,797,888,798,888,800,888,280,888,366,888,455,888,70,99999,57,888,CLOSE,OPEN,CLOSE,CLOSE
2/8/2022 5:06:02 PM,797,888,799,888,800,888,279,888,367,888,456,888,70,99999,57,888,CLOSE,OPEN,CLOSE,CLOSE
2/8/2022 5:06:07 PM,798,888,800,888,801,888,278,888,367,888,457,888,69,99999,57,888,CLOSE,OPEN,CLOSE,CLOSE
2/8/2022 5:06:12 PM,799,888,800,888,801,888,277,888,368,888,457,888,71,99999,57,888,CLOSE,OPEN,CLOSE,CLOSE
2/8/2022 5:06:17 PM,799,888,801,888,802,888,277,888,368,888,458,888,71,99999,58,888,CLOSE,OPEN,CLOSE,CLOSE
2/8/2022 5:06:22 PM,800,888,801,888,803,888,276,888,369,888,458,888,70,99999,57,888,CLOSE,OPEN,CLOSE,CLOSE
2/8/2022 5:06:27 PM,801,888,802,888,804,888,275,888,370,888,459,888,71,99999,57,888,CLOSE,OPEN,CLOSE,CLOSE
2/8/2022 5:06:32 PM,801,888,803,888,805,888,274,888,370,888,460,888,71,99999,57,888,CLOSE,OPEN,CLOSE,CLOSE
2/8/2022 5:06:37 PM,802,888,804,888,805,888,274,888,371,888,462,888,71,99999,57,888,CLOSE,OPEN,CLOSE,CLOSE
2/8/2022 5:06:42 PM,802,888,804,888,806,888,273,888,371,888,462,888,71,99999,57,888,CLOSE,OPEN,CLOSE,CLOSE
2/8/2022 5:06:47 PM,803,888,805,888,807,888,272,888,372,888,462,888,71,99999,58,888,CLOSE,OPEN,CLOSE,CLOSE
2/8/2022 5:06:52 PM,804,888,806,888,808,888,272,888,373,888,462,888,71,99999,57,888,CLOSE,OPEN,CLOSE,CLOSE
2/8/2022 5:06:57 PM,805,888,807,888,809,888,271,888,373,888,463,888,71,99999,57,888,CLOSE,OPEN,CLOSE,CLOSE
2/8/2022 5:07:02 PM,805,888,808,888,810,888,271,888,374,888,464,888,71,99999,57,888,CLOSE,OPEN,CLOSE,CLOSE
2/8/2022 5:07:07 PM,806,888,809,888,811,888,271,888,374,888,465,888,71,99999,57,888,CLOSE,OPEN,CLOSE,CLOSE
2/8/2022 5:07:12 PM,807,888,810,888,813,888,270,888,374,888,465,888,70,99999,57,888,CLOSE,OPEN,CLOSE,CLOSE
2/8/2022 5:07:17 PM,807,888,811,888,814,888,270,888,374,888,466,888,70,99999,57,888,CLOSE,OPEN,CLOSE,CLOSE
2/8/2022 5:07:22 PM,808,888,812,888,815,888,270,888,375,888,467,888,69,99999,57,888,CLOSE,OPEN,CLOSE,CLOSE
2/8/2022 5:07:27 PM,809,888,813,888,816,888,269,888,375,888,467,888,69,99999,57,888,CLOSE,OPEN,CLOSE,CLOSE
2/8/2022 5:07:32 PM,810,888,813,888,817,888,269,888,375,888,467,888,69,99999,57,888,CLOSE,OPEN,CLOSE,CLOSE
2/8/2022 5:07:37 PM,810,888,813,888,817,888,269,888,375,888,468,888,68,99999,57,888,CLOSE,OPEN,CLOSE,CLOSE
2/8/2022 5:07:42 PM,810,888,814,888,818,888,269,888,375,888,468,888,69,99999,58,888,CLOSE,OPEN,CLOSE,CLOSE
2/8/2022 5:07:47 PM,811,888,815,888,819,888,269,888,375,888,469,888,69,99999,58,888,CLOSE,OPEN,CLOSE,CLOSE
2/8/2022 5:07:52 PM,811,888,816,888,820,888,269,888,376,888,469,888,68,99999,57,888,CLOSE,OPEN,CLOSE,CLOSE
2/8/2022 5:07:57 PM,812,888,816,888,820,888,269,888,376,888,470,888,68,99999,57,888,CLOSE,OPEN,CLOSE,CLOSE
2/8/2022 5:08:02 PM,812,888,816,888,821,888,269,888,376,888,469,888,68,99999,57,888,CLOSE,OPEN,CLOSE,CLOSE
2/8/2022 5:08:07 PM,812,888,817,888,821,888,270,888,376,888,469,888,68,99999,57,888,CLOSE,OPEN,CLOSE,CLOSE
2/8/2022 5:08:12 PM,812,888,817,888,822,888,270,888,376,888,470,888,67,99999,57,888,CLOSE,OPEN,CLOSE,CLOSE
2/8/2022 5:08:17 PM,813,888,817,888,822,888,270,888,375,888,471,888,67,99999,57,888,CLOSE,OPEN,CLOSE,CLOSE
2/8/2022 5:08:22 PM,813,888,817,888,822,888,271,888,376,888,470,888,67,99999,57,888,CLOSE,OPEN,CLOSE,CLOSE
2/8/2022 5:08:27 PM,812,888,817,888,822,888,272,888,375,888,471,888,67,99999,57,888,CLOSE,OPEN,CLOSE,CLOSE
2/8/2022 5:08:32 PM,813,888,817,888,822,888,272,888,375,888,471,888,66,99999,57,888,CLOSE,OPEN,CLOSE,CLOSE
2/8/2022 5:08:37 PM,812,888,817,888,822,888,273,888,375,888,471,888,66,99999,57,888,CLOSE,OPEN,CLOSE,CLOSE
2/8/2022 5:08:42 PM,812,888,817,888,822,888,273,888,375,888,472,888,65,99999,57,888,CLOSE,OPEN,CLOSE,CLOSE
2/8/2022 5:08:47 PM,812,888,817,888,822,888,273,888,374,888,472,888,66,99999,57,888,CLOSE,OPEN,CLOSE,CLOSE
2/8/2022 5:08:52 PM,812,888,817,888,822,888,274,888,375,888,472,888,65,99999,57,888,CLOSE,OPEN,CLOSE,CLOSE
2/8/2022 5:08:57 PM,812,888,817,888,822,888,275,888,374,888,472,888,65,99999,57,888,CLOSE,OPEN,CLOSE,CLOSE
2/8/2022 5:09:02 PM,812,888,817,888,821,888,275,888,374,888,472,888,65,99999,57,888,CLOSE,OPEN,CLOSE,CLOSE
2/8/2022 5:09:07 PM,812,888,816,888,821,888,276,888,374,888,472,888,64,99999,57,888,CLOSE,OPEN,CLOSE,CLOSE
2/8/2022 5:09:12 PM,812,888,816,888,821,888,276,888,373,888,473,888,64,99999,57,888,CLOSE,OPEN,CLOSE,CLOSE
2/8/2022 5:09:17 PM,811,888,816,888,821,888,276,888,373,888,472,888,64,99999,57,888,CLOSE,OPEN,CLOSE,CLOSE
2/8/2022 5:09:22 PM,811,888,816,888,820,888,276,888,373,888,471,888,64,99999,56,888,CLOSE,OPEN,CLOSE,CLOSE
2/8/2022 5:09:42 PM,811,888,816,888,820,888,277,888,373,888,472,888,63,99999,56,888,CLOSE,OPEN,CLOSE,CLOSE
2/8/2022 5:09:42 PM,810,888,814,888,818,888,277,888,373,888,472,888,63,99999,56,888,CLOSE,OPEN,CLOSE,CLOSE
2/8/2022 5:09:47 PM,810,888,814,888,818,888,278,888,373,888,469,888,63,99999,57,888,CLOSE,OPEN,CLOSE,CLOSE
2/8/2022 5:09:52 PM,810,888,814,888,817,888,279,888,373,888,468,888,63,99999,57,888,CLOSE,OPEN,CLOSE,CLOSE
2/8/2022 5:09:57 PM,810,888,813,888,817,888,278,888,373,888,467,888,63,99999,56,888,CLOSE,OPEN,CLOSE,CLOSE
2/8/2022 5:10:02 PM,809,888,813,888,816,888,278,888,373,888,467,888,63,99999,57,888,CLOSE,OPEN,CLOSE,CLOSE
2/8/2022 5:10:07 PM,809,888,812,888,816,888,279,888,373,888,465,888,64,99999,56,888,CLOSE,OPEN,CLOSE,CLOSE
2/8/2022 5:10:12 PM,809,888,812,888,815,888,279,888,373,888,465,888,64,99999,57,888,CLOSE,OPEN,CLOSE,CLOSE
2/8/2022 5:10:17 PM,809,888,812,888,814,888,279,888,374,888,464,888,64,99999,57,888,CLOSE,OPEN,CLOSE,CLOSE
2/8/2022 5:10:22 PM,808,888,811,888,814,888,279,888,374,888,462,888,65,99999,57,888,CLOSE,OPEN,CLOSE,CLOSE
2/8/2022 5:10:27 PM,808,888,811,888,813,888,279,888,374,888,462,888,65,99999,56,888,CLOSE,OPEN,CLOSE,CLOSE
2/8/2022 5:10:32 PM,808,888,810,888,813,888,279,888,375,888,461,888,65,99999,56,888,CLOSE,OPEN,CLOSE,CLOSE
2/8/2022 5:10:37 PM,807,888,810,888,812,888,279,888,375,888,460,888,66,99999,56,888,CLOSE,OPEN,CLOSE,CLOSE
2/8/2022 5:10:42 PM,807,888,809,888,811,888,279,888,375,888,458,888,66,99999,56,888,CLOSE,OPEN,CLOSE,CLOSE
2/8/2022 5:10:47 PM,807,888,808,888,810,888,279,888,376,888,457,888,66,99999,56,888,CLOSE,OPEN,CLOSE,CLOSE
2/8/2022 5:10:52 PM,806,888,808,888,810,888,279,888,376,888,456,888,67,99999,57,888,CLOSE,OPEN,CLOSE,CLOSE
2/8/2022 5:10:57 PM,806,888,808,888,809,888,279,888,377,888,454,888,67,99999,56,888,CLOSE,OPEN,CLOSE,CLOSE
2/8/2022 5:11:02 PM,806,888,807,888,809,888,279,888,378,888,453,888,69,99999,56,888,CLOSE,OPEN,CLOSE,CLOSE
2/8/2022 5:11:07 PM,806,888,807,888,808,888,278,888,378,888,452,888,69,99999,57,888,CLOSE,OPEN,CLOSE,CLOSE
2/8/2022 5:11:12 PM,805,888,806,888,807,888,279,888,379,888,451,888,70,99999,57,888,CLOSE,OPEN,CLOSE,CLOSE
2/8/2022 5:11:17 PM,805,888,806,888,807,888,279,888,379,888,449,888,70,99999,57,888,CLOSE,OPEN,CLOSE,CLOSE
2/8/2022 5:11:22 PM,804,888,805,888,806,888,279,888,381,888,448,888,72,99999,57,888,CLOSE,OPEN,CLOSE,CLOSE
2/8/2022 5:11:27 PM,804,888,805,888,806,888,279,888,381,888,446,888,72,99999,57,888,CLOSE,OPEN,CLOSE,CLOSE
2/8/2022 5:11:32 PM,804,888,804,888,805,888,278,888,382,888,444,888,72,99999,57,888,CLOSE,OPEN,CLOSE,CLOSE
2/8/2022 5:11:37 PM,803,888,804,888,804,888,278,888,384,888,443,888,72,99999,58,888,CLOSE,OPEN,CLOSE,CLOSE
2/8/2022 5:11:42 PM,803,888,803,888,803,888,278,888,384,888,441,888,73,99999,57,888,CLOSE,OPEN,CLOSE,CLOSE
2/8/2022 5:11:47 PM,802,888,802,888,803,888,278,888,385,888,441,888,73,99999,57,888,CLOSE,OPEN,CLOSE,CLOSE
2/8/2022 5:11:52 PM,803,888,802,888,802,888,277,888,386,888,440,888,74,99999,57,888,CLOSE,OPEN,CLOSE,CLOSE
2/8/2022 5:11:57 PM,802,888,801,888,802,888,278,888,387,888,439,888,73,99999,57,888,CLOSE,OPEN,CLOSE,CLOSE
2/8/2022 5:12:02 PM,801,888,801,888,801,888,277,888,387,888,438,888,73,99999,58,888,CLOSE,OPEN,CLOSE,CLOSE
2/8/2022 5:12:07 PM,801,888,800,888,800,888,276,888,388,888,437,888,73,99999,57,888,CLOSE,OPEN,CLOSE,CLOSE
2/8/2022 5:12:12 PM,801,888,800,888,799,888,275,888,389,888,437,888,73,99999,57,888,CLOSE,OPEN,CLOSE,CLOSE
2/8/2022 5:12:17 PM,801,888,799,888,799,888,275,888,390,888,436,888,73,99999,57,888,CLOSE,OPEN,CLOSE,CLOSE
2/8/2022 5:12:22 PM,800,888,799,888,798,888,275,888,391,888,435,888,73,99999,58,888,CLOSE,OPEN,CLOSE,CLOSE
2/8/2022 5:12:27 PM,800,888,798,888,797,888,274,888,392,888,435,888,72,99999,58,888,CLOSE,OPEN,CLOSE,CLOSE
2/8/2022 5:12:32 PM,799,888,798,888,796,888,273,888,392,888,435,888,72,99999,57,888,CLOSE,OPEN,CLOSE,CLOSE
2/8/2022 5:12:37 PM,799,888,797,888,796,888,273,888,394,888,435,888,73,99999,58,888,CLOSE,OPEN,CLOSE,CLOSE
2/8/2022 5:12:42 PM,799,888,797,888,795,888,273,888,394,888,435,888,72,99999,58,888,CLOSE,OPEN,CLOSE,CLOSE
2/8/2022 5:12:47 PM,799,888,796,888,794,888,272,888,395,888,436,888,72,99999,57,888,CLOSE,OPEN,CLOSE,CLOSE
2/8/2022 5:12:52 PM,798,888,796,888,793,888,272,888,396,888,436,888,71,99999,57,888,CLOSE,OPEN,CLOSE,CLOSE
2/8/2022 5:12:57 PM,798,888,795,888,793,888,271,888,396,888,436,888,72,99999,58,888,CLOSE,OPEN,CLOSE,CLOSE
2/8/2022 5:13:02 PM,797,888,795,888,793,888,270,888,397,888,436,888,72,99999,57,888,CLOSE,OPEN,CLOSE,CLOSE
2/8/2022 5:13:07 PM,797,888,794,888,791,888,269,888,398,888,436,888,72,99999,58,888,CLOSE,OPEN,CLOSE,CLOSE
2/8/2022 5:13:12 PM,797,888,794,888,791,888,268,888,398,888,437,888,72,99999,58,888,CLOSE,OPEN,CLOSE,CLOSE
2/8/2022 5:13:17 PM,796,888,793,888,790,888,268,888,399,888,438,888,73,99999,58,888,CLOSE,OPEN,CLOSE,CLOSE
2/8/2022 5:13:22 PM,796,888,793,888,789,888,267,888,399,888,439,888,72,99999,57,888,CLOSE,OPEN,CLOSE,CLOSE
2/8/2022 5:13:27 PM,795,888,792,888,789,888,266,888,399,888,439,888,73,99999,58,888,CLOSE,OPEN,CLOSE,CLOSE
2/8/2022 5:13:32 PM,795,888,792,888,788,888,265,888,401,888,440,888,72,99999,58,888,CLOSE,OPEN,CLOSE,CLOSE
2/8/2022 5:13:37 PM,795,888,791,888,788,888,265,888,401,888,441,888,73,99999,58,888,CLOSE,OPEN,CLOSE,CLOSE
2/8/2022 5:13:42 PM,794,888,791,888,788,888,264,888,401,888,442,888,73,99999,58,888,CLOSE,OPEN,CLOSE,CLOSE
2/8/2022 5:13:47 PM,794,888,791,888,787,888,263,888,402,888,442,888,72,99999,58,888,CLOSE,OPEN,CLOSE,CLOSE
2/8/2022 5:13:52 PM,794,888,790,888,787,888,263,888,403,888,443,888,73,99999,57,888,CLOSE,OPEN,CLOSE,CLOSE
2/8/2022 5:13:57 PM,793,888,790,888,787,888,262,888,403,888,444,888,72,99999,57,888,CLOSE,OPEN,CLOSE,CLOSE
2/8/2022 5:14:02 PM,793,888,790,888,787,888,262,888,403,888,445,888,72,99999,58,888,CLOSE,OPEN,CLOSE,CLOSE
2/8/2022 5:14:07 PM,793,888,790,888,787,888,262,888,403,888,445,888,71,99999,57,888,CLOSE,OPEN,CLOSE,CLOSE
2/8/2022 5:14:12 PM,793,888,790,888,787,888,261,888,404,888,446,888,71,99999,58,888,CLOSE,OPEN,CLOSE,CLOSE
2/8/2022 5:14:17 PM,793,888,790,888,787,888,261,888,404,888,446,888,71,99999,57,888,CLOSE,OPEN,CLOSE,CLOSE
2/8/2022 5:14:22 PM,793,888,790,888,788,888,261,888,404,888,446,888,70,99999,58,888,CLOSE,OPEN,CLOSE,CLOSE
2/8/2022 5:14:27 PM,793,888,790,888,788,888,261,888,405,888,448,888,70,99999,58,888,CLOSE,OPEN,CLOSE,CLOSE
2/8/2022 5:14:32 PM,793,888,791,888,788,888,260,888,405,888,448,888,69,99999,57,888,CLOSE,OPEN,CLOSE,CLOSE
2/8/2022 5:14:37 PM,793,888,791,888,789,888,260,888,405,888,449,888,69,99999,57,888,CLOSE,OPEN,CLOSE,CLOSE
2/8/2022 5:14:42 PM,793,888,791,888,789,888,260,888,405,888,449,888,69,99999,58,888,CLOSE,OPEN,CLOSE,CLOSE
2/8/2022 5:14:47 PM,793,888,792,888,790,888,260,888,405,888,450,888,68,99999,58,888,CLOSE,OPEN,CLOSE,CLOSE
2/8/2022 5:14:52 PM,793,888,792,888,791,888,261,888,405,888,449,888,68,99999,58,888,CLOSE,OPEN,CLOSE,CLOSE
2/8/2022 5:14:57 PM,794,888,792,888,791,888,261,888,405,888,450,888,67,99999,58,888,CLOSE,OPEN,CLOSE,CLOSE
2/8/2022 5:15:02 PM,794,888,793,888,792,888,261,888,405,888,450,888,68,99999,58,888,CLOSE,OPEN,CLOSE,CLOSE
2/8/2022 5:15:07 PM,794,888,794,888,793,888,261,888,405,888,450,888,68,99999,57,888,CLOSE,OPEN,CLOSE,CLOSE
2/8/2022 5:15:12 PM,795,888,794,888,794,888,261,888,405,888,451,888,67,99999,57,888,CLOSE,OPEN,CLOSE,CLOSE
2/8/2022 5:15:17 PM,795,888,795,888,794,888,261,888,405,888,451,888,67,99999,57,888,CLOSE,OPEN,CLOSE,CLOSE
2/8/2022 5:15:22 PM,795,888,795,888,795,888,262,888,405,888,452,888,67,99999,57,888,CLOSE,OPEN,CLOSE,CLOSE
2/8/2022 5:15:27 PM,796,888,796,888,796,888,263,888,404,888,453,888,67,99999,58,888,CLOSE,OPEN,CLOSE,CLOSE
2/8/2022 5:15:32 PM,797,888,797,888,797,888,263,888,404,888,452,888,66,99999,57,888,CLOSE,OPEN,CLOSE,CLOSE
2/8/2022 5:15:37 PM,797,888,797,888,798,888,263,888,404,888,453,888,66,99999,57,888,CLOSE,OPEN,CLOSE,CLOSE
2/8/2022 5:15:42 PM,798,888,798,888,799,888,264,888,403,888,452,888,65,99999,57,888,CLOSE,OPEN,CLOSE,CLOSE
2/8/2022 5:15:47 PM,799,888,799,888,800,888,264,888,403,888,453,888,66,99999,57,888,CLOSE,OPEN,CLOSE,CLOSE
2/8/2022 5:15:52 PM,800,888,800,888,801,888,265,888,403,888,453,888,65,99999,57,888,CLOSE,OPEN,CLOSE,CLOSE
2/8/2022 5:15:57 PM,800,888,801,888,802,888,265,888,403,888,454,888,65,99999,57,888,CLOSE,OPEN,CLOSE,CLOSE
2/8/2022 5:16:02 PM,801,888,802,888,802,888,265,888,402,888,453,888,65,99999,57,888,CLOSE,OPEN,CLOSE,CLOSE
2/8/2022 5:16:07 PM,802,888,802,888,803,888,266,888,401,888,452,888,64,99999,57,888,CLOSE,OPEN,CLOSE,CLOSE
2/8/2022 5:16:12 PM,803,888,803,888,804,888,266,888,402,888,453,888,64,99999,57,888,CLOSE,OPEN,CLOSE,CLOSE
2/8/2022 5:17:39 PM,816,888,815,888,814,888,269,888,403,888,441,888,67,99999,57,888,CLOSE,OPEN,CLOSE,CLOSE
2/8/2022 5:17:44 PM,816,888,816,888,815,888,269,888,404,888,440,888,68,99999,57,888,CLOSE,OPEN,CLOSE,CLOSE
2/8/2022 5:17:49 PM,817,888,816,888,814,888,269,888,404,888,439,888,67,99999,57,888,CLOSE,OPEN,CLOSE,CLOSE
2/8/2022 5:17:54 PM,817,888,816,888,815,888,269,888,405,888,437,888,69,99999,57,888,CLOSE,OPEN,CLOSE,CLOSE
2/8/2022 5:17:59 PM,817,888,816,888,815,888,270,888,405,888,436,888,70,99999,57,888,CLOSE,OPEN,CLOSE,CLOSE
2/8/2022 5:18:04 PM,817,888,816,888,815,888,269,888,406,888,434,888,71,99999,57,888,CLOSE,OPEN,CLOSE,CLOSE
2/8/2022 5:18:09 PM,817,888,815,888,814,888,269,888,407,888,432,888,71,99999,57,888,CLOSE,OPEN,CLOSE,CLOSE
2/8/2022 5:18:14 PM,817,888,816,888,814,888,268,888,408,888,431,888,72,99999,57,888,CLOSE,OPEN,CLOSE,CLOSE
2/8/2022 5:18:19 PM,817,888,815,888,814,888,269,888,409,888,430,888,73,99999,57,888,CLOSE,OPEN,CLOSE,CLOSE
2/8/2022 5:18:24 PM,817,888,815,888,813,888,269,888,409,888,428,888,74,99999,57,888,CLOSE,OPEN,CLOSE,CLOSE
2/8/2022 5:18:29 PM,817,888,815,888,813,888,268,888,410,888,427,888,75,99999,58,888,CLOSE,OPEN,CLOSE,CLOSE
2/8/2022 5:18:34 PM,817,888,815,888,812,888,268,888,411,888,425,888,75,99999,58,888,CLOSE,OPEN,CLOSE,CLOSE
2/8/2022 5:18:39 PM,816,888,814,888,813,888,268,888,413,888,424,888,76,99999,57,888,CLOSE,OPEN,CLOSE,CLOSE
2/8/2022 5:18:44 PM,816,888,814,888,811,888,267,888,413,888,423,888,76,99999,58,888,CLOSE,OPEN,CLOSE,CLOSE
2/8/2022 5:18:49 PM,816,888,813,888,811,888,267,888,414,888,423,888,76,99999,57,888,CLOSE,OPEN,CLOSE,CLOSE
2/8/2022 5:18:54 PM,816,888,813,888,811,888,267,888,415,888,421,888,76,99999,58,888,CLOSE,OPEN,CLOSE,CLOSE
2/8/2022 5:18:59 PM,816,888,813,888,810,888,267,888,416,888,420,888,76,99999,58,888,CLOSE,OPEN,CLOSE,CLOSE
2/8/2022 5:19:04 PM,815,888,812,888,809,888,267,888,417,888,418,888,75,99999,58,888,CLOSE,OPEN,CLOSE,CLOSE
2/8/2022 5:19:09 PM,815,888,812,888,809,888,266,888,418,888,419,888,76,99999,58,888,CLOSE,OPEN,CLOSE,CLOSE
2/8/2022 5:19:14 PM,814,888,811,888,808,888,265,888,419,888,418,888,76,99999,57,888,CLOSE,OPEN,CLOSE,CLOSE
